Date,Open,High,Low,Close
1994-03-06,466.07,469.16,457.49,464.74
1994-03-13,464.74,468.07,462.46,466.44
1994-03-20,466.44,471.09,465.48,471.06
1994-03-27,471.06,471.06,460.58,460.58
1994-04-03,460.58,461.12,436.16,445.77
1994-04-10,445.66,451.1,435.86,447.1
1994-04-17,447.12,450.8,442.62,446.18
1994-04-24,446.27,449.96,438.83,447.63
1994-05-01,447.64,452.79,447.58,450.91
1994-05-08,450.91,453.98,445.64,447.82
1994-05-15,447.82,447.82,440.78,444.14
1994-05-22,444.15,456.88,443.62,454.92
1994-05-29,454.92,457.77,451.79,457.33
1994-06-05,457.32,460.86,453.99,460.13
1994-06-12,460.13,461.87,455.43,458.67
1994-06-19,458.67,463.23,457.18,458.45
1994-06-26,458.45,458.45,442.51,442.8
1994-07-03,442.78,449.83,439.83,446.2
1994-07-10,446.2,449.75,444.18,449.55
1994-07-17,449.56,454.33,444.65,454.16
1994-07-24,454.41,455.71,450.69,453.11
1994-07-31,453.1,459.33,451.36,458.26
1994-08-07,458.28,462.77,456.08,457.09
1994-08-14,457.08,462.27,456.66,461.94
1994-08-21,461.97,465.91,459.89,463.68
1994-08-28,463.61,474.65,461.46,473.8
1994-09-04,473.89,477.59,470.67,470.99
1994-09-11,471.0,473.4,466.55,468.18
1994-09-18,468.18,474.81,466.15,471.19
1994-09-25,471.21,473.15,458.47,459.67
1994-10-02,459.65,465.55,459.31,462.71
1994-10-09,462.69,463.31,449.27,455.1
1994-10-16,455.12,471.3,455.12,469.1
1994-10-23,469.11,471.43,463.83,464.89
1994-10-30,464.89,473.78,458.26,473.77
1994-11-06,473.76,474.74,462.28,462.28
1994-11-13,462.31,469.95,461.25,462.35
1994-11-20,462.44,468.51,460.25,461.47
1994-11-27,461.69,463.41,444.18,452.29
1994-12-04,452.26,457.13,447.97,453.3
1994-12-11,453.3,455.04,442.88,446.96
1994-12-18,446.95,458.8,445.62,458.8
1994-12-25,458.78,461.7,456.37,459.83
1995-01-01,459.85,462.73,459.0,459.27
1995-01-08,459.21,462.49,457.2,460.68
1995-01-15,460.67,466.43,458.65,465.97
1995-01-22,465.97,470.43,463.99,464.78
1995-01-29,464.78,471.36,461.14,470.39
1995-02-05,470.39,479.91,467.49,478.65
1995-02-12,478.64,482.6,478.36,481.46
1995-02-19,481.46,485.54,480.89,481.97
1995-02-26,481.95,489.19,481.94,488.11
1995-03-05,488.26,488.26,483.07,485.42
1995-03-12,485.42,490.37,479.7,489.57
1995-03-19,489.57,496.67,489.35,495.52
1995-03-26,495.52,500.97,493.67,500.97
1995-04-02,500.97,508.15,495.7,500.71
1995-04-09,500.7,507.19,500.2,506.42
1995-04-16,506.3,509.83,504.61,509.23
1995-04-23,509.23,512.03,501.19,508.49
1995-04-30,508.49,515.29,507.44,514.71
1995-05-07,514.76,525.4,513.03,520.12
1995-05-14,520.09,527.05,519.14,525.55
1995-05-21,525.55,529.08,517.07,519.19
1995-05-28,519.19,531.91,519.19,523.65
1995-06-04,523.65,536.91,521.38,532.51
1995-06-11,532.51,537.73,526.0,527.94
1995-06-18,527.94,539.98,527.94,539.83
1995-06-25,539.83,551.07,539.83,549.71
1995-07-02,549.71,549.79,540.72,544.75
1995-07-09,544.75,556.57,544.43,556.37
1995-07-16,556.37,562.0,553.8,559.89
1995-07-23,560.34,562.94,542.51,553.62
1995-07-30,553.62,565.4,553.62,562.93
1995-08-06,562.93,565.62,554.1,558.94
1995-08-13,558.94,561.59,553.04,555.11
1995-08-20,555.11,561.24,554.76,559.21
1995-08-27,559.21,563.34,555.2,560.1
1995-09-03,560.1,564.62,555.71,563.84
1995-09-10,563.86,572.68,563.84,572.68
1995-09-17,572.68,585.07,572.68,583.35
1995-09-24,583.35,586.79,578.25,581.73
1995-10-01,581.73,587.61,574.68,584.41
1995-10-08,584.41,585.05,578.48,582.49
1995-10-15,582.49,587.39,571.55,584.5
1995-10-22,584.5,590.66,581.9,587.46
1995-10-29,587.46,587.46,572.53,579.7
1995-11-05,579.7,590.57,579.7,590.57
1995-11-12,590.57,593.9,584.24,592.72
1995-11-19,592.72,600.14,588.36,600.07
1995-11-26,600.07,600.71,595.42,599.97
1995-12-03,599.97,608.69,599.02,606.98
1995-12-10,606.98,621.11,606.84,617.48
1995-12-17,617.48,622.88,614.46,616.34
1995-12-24,616.34,616.34,605.05,611.95
1995-12-31,611.96,615.93,611.96,615.93
1996-01-07,615.93,624.49,612.02,616.71
1996-01-14,616.71,619.15,597.29,601.81
1996-01-21,601.81,612.92,598.47,611.83
1996-01-28,611.83,621.7,610.65,621.62
1996-02-04,621.62,639.26,621.42,635.84
1996-02-11,635.84,661.08,633.71,656.37
1996-02-18,656.37,664.23,646.99,647.98
1996-02-25,647.98,663.0,638.79,659.08
1996-03-03,659.08,659.08,635.0,644.37
1996-03-10,644.37,656.97,627.63,633.5
1996-03-17,633.5,644.17,628.82,641.43
1996-03-24,641.43,656.18,641.43,650.62
1996-03-31,650.62,655.5,644.89,645.5
1996-04-07,645.5,656.68,645.5,655.86
1996-04-14,655.86,655.86,624.14,636.71
1996-04-21,636.71,647.32,636.71,645.07
1996-04-28,645.07,656.43,645.07,653.46
1996-05-05,653.46,656.44,640.23,641.63
1996-05-12,641.63,653.0,630.07,652.09
1996-05-19,652.09,669.84,652.09,668.91
1996-05-26,668.91,681.1,667.64,678.51
1996-06-02,678.51,679.98,664.56,669.12
1996-06-09,669.12,680.32,662.48,673.31
1996-06-16,673.31,676.72,664.35,665.85
1996-06-23,665.85,668.27,658.75,666.84
1996-06-30,666.84,672.68,661.56,670.63
1996-07-07,670.63,675.88,657.41,657.44
1996-07-14,657.44,657.65,639.52,646.19
1996-07-21,646.19,646.19,605.88,638.73
1996-07-28,638.73,638.73,616.43,635.9
1996-08-04,635.9,662.49,629.22,662.49
1996-08-11,662.49,665.37,656.83,662.1
1996-08-18,662.1,666.34,658.47,665.21
1996-08-25,665.21,670.68,662.16,667.03
1996-09-01,667.03,667.41,650.52,651.99
1996-09-08,651.99,658.21,643.97,655.68
1996-09-15,655.68,681.39,655.68,680.54
1996-09-22,680.54,687.07,679.06,687.03
1996-09-29,687.03,690.88,681.01,686.19
1996-10-06,686.19,701.74,684.44,701.46
1996-10-13,701.46,705.76,693.34,700.66
1996-10-20,700.66,711.04,699.07,710.82
1996-10-27,710.82,714.1,700.53,700.92
1996-11-03,700.92,708.6,696.22,703.77
1996-11-10,703.77,730.82,702.84,730.82
1996-11-17,730.82,741.92,728.03,737.62
1996-11-24,737.62,748.73,734.39,748.73
1996-12-01,748.73,762.12,747.99,757.02
1996-12-08,757.02,761.75,726.89,739.6
1996-12-15,739.6,753.43,721.97,728.64
1996-12-22,728.64,755.41,716.69,748.87
1996-12-29,748.87,758.75,743.28,756.79
1997-01-05,756.79,759.2,729.55,748.03
1997-01-12,748.03,759.65,742.18,759.5
1997-01-19,759.5,776.37,756.69,776.17
1997-01-26,776.17,794.67,768.17,770.52
1997-02-02,770.52,791.86,761.75,786.16
1997-02-09,786.16,792.71,773.43,789.56
1997-02-16,789.56,812.93,780.95,808.48
1997-02-23,808.48,817.68,799.99,801.77
1997-03-02,801.77,812.85,788.5,790.82
1997-03-09,790.82,808.19,785.66,804.97
1997-03-16,804.97,814.9,789.44,793.17
1997-03-23,793.17,797.18,778.04,784.1
1997-03-30,784.1,798.11,767.32,773.88
1997-04-06,773.88,773.88,744.04,757.9
1997-04-13,757.9,769.53,737.64,737.65
1997-04-20,737.65,768.55,733.54,766.34
1997-04-27,766.34,779.89,756.38,765.37
1997-05-04,765.37,812.99,763.3,812.97
1997-05-11,812.97,832.29,811.8,824.78
1997-05-18,824.78,842.45,824.78,829.75
1997-05-25,829.75,848.49,826.41,847.03
1997-06-01,847.03,851.87,831.87,848.28
1997-06-08,848.28,859.24,838.82,858.01
1997-06-15,858.01,894.69,858.01,893.27
1997-06-22,893.27,901.77,886.19,898.7
1997-06-29,898.7,902.09,878.43,887.3
1997-07-06,887.3,917.82,879.82,916.92
1997-07-13,916.92,923.26,902.48,916.68
1997-07-20,916.68,939.32,912.02,915.3
1997-07-27,915.3,945.65,907.12,938.79
1997-08-03,938.79,957.73,932.56,947.14
1997-08-10,947.14,964.17,925.74,933.54
1997-08-17,933.54,942.99,900.81,900.81
1997-08-24,900.81,939.47,893.34,923.54
1997-08-31,923.55,930.93,896.82,899.47
1997-09-07,899.47,940.37,899.47,929.05
1997-09-14,929.05,938.9,902.56,923.91
1997-09-21,923.91,958.19,919.41,950.51
1997-09-28,950.51,960.59,937.38,945.22
1997-10-05,945.22,975.47,941.94,965.03
1997-10-12,965.03,983.12,963.34,966.98
1997-10-19,966.98,973.46,931.58,944.16
1997-10-26,944.16,972.61,937.55,941.64
1997-11-02,941.64,941.64,855.27,914.62
1997-11-09,914.62,949.62,914.62,927.51
1997-11-16,927.51,935.9,900.61,928.35
1997-11-23,928.35,964.55,928.35,963.09
1997-11-30,963.09,963.09,944.71,955.4
1997-12-07,955.4,986.25,955.4,983.79
1997-12-14,983.79,985.67,947.0,953.39
1997-12-21,953.39,974.3,924.92,946.78
1997-12-28,946.78,956.73,932.7,936.46
1998-01-04,936.46,975.04,936.46,975.04
1998-01-11,975.04,982.63,921.72,927.69
1998-01-18,927.69,965.12,912.83,961.51
1998-01-25,961.51,978.6,950.86,957.59
1998-02-01,957.59,992.65,954.24,980.28
1998-02-08,980.28,1013.51,980.28,1012.46
1998-02-15,1012.46,1026.3,1006.28,1020.09
1998-02-22,1020.09,1034.21,1020.09,1034.21
1998-03-01,1034.21,1051.66,1028.89,1049.34
1998-03-08,1049.34,1055.6899,1030.87,1055.6899
1998-03-15,1055.6899,1075.86,1050.02,1068.61
1998-03-22,1068.61,1101.04,1068.61,1099.16
1998-03-29,1099.16,1113.0699,1091.14,1095.4399
1998-04-05,1095.4399,1126.36,1090.02,1122.7
1998-04-12,1122.7,1131.99,1098.21,1110.67
1998-04-19,1110.67,1122.72,1100.6,1122.72
1998-04-26,1122.72,1132.98,1104.77,1107.9
1998-05-03,1107.9,1121.02,1076.7,1121.0
1998-05-10,1121.0,1130.52,1094.53,1108.14
1998-05-17,1108.14,1124.03,1102.78,1108.73
1998-05-24,1108.73,1124.45,1097.99,1110.47
1998-05-31,1110.47,1116.79,1074.39,1090.8199
1998-06-07,1090.8199,1113.88,1078.1,1113.86
1998-06-14,1113.86,1126.0,1080.83,1098.84
1998-06-21,1098.84,1112.87,1074.67,1100.65
1998-06-28,1100.65,1142.04,1099.42,1133.2
1998-07-05,1133.2,1148.5601,1131.98,1146.42
1998-07-12,1146.42,1166.9301,1145.03,1164.33
1998-07-19,1164.33,1188.1,1160.21,1186.75
1998-07-26,1186.75,1190.58,1129.11,1140.8
1998-08-02,1140.8,1147.27,1114.3,1120.67
1998-08-09,1120.67,1121.79,1057.35,1089.45
1998-08-16,1089.45,1092.8199,1054.0,1062.75
1998-08-23,1062.75,1106.3199,1054.92,1081.24
1998-08-30,1081.24,1106.64,1021.04,1027.14
1998-09-06,1027.14,1033.47,939.98,973.89
1998-09-13,973.89,1027.72,968.64,1009.06
1998-09-20,1009.06,1046.0699,1009.06,1020.09
1998-09-27,1020.09,1066.11,993.82,1044.75
1998-10-04,1044.75,1061.46,971.69,1002.6
1998-10-11,1002.6,1008.77,923.32,984.39
1998-10-18,984.39,1062.65,984.39,1056.42
1998-10-25,1056.42,1084.0601,1054.23,1070.67
1998-11-01,1070.67,1103.78,1059.65,1098.67
1998-11-08,1098.67,1141.3,1098.67,1141.01
1998-11-15,1141.01,1141.01,1115.55,1125.72
1998-11-22,1125.72,1163.55,1125.72,1163.55
1998-11-29,1163.55,1192.97,1163.55,1192.33
1998-12-06,1192.33,1192.72,1149.61,1176.74
1998-12-13,1176.74,1193.53,1153.1899,1166.46
1998-12-20,1166.46,1188.89,1136.89,1188.03
1998-12-27,1188.03,1229.89,1188.03,1226.27
1999-01-03,1226.27,1244.9301,1220.78,1229.23
1999-01-10,1229.23,1278.24,1219.1,1275.09
1999-01-17,1275.09,1276.22,1205.46,1243.26
1999-01-24,1243.26,1274.0699,1217.97,1225.1899
1999-01-31,1225.1899,1280.37,1219.46,1279.64
1999-02-07,1279.64,1283.75,1232.28,1239.4
1999-02-14,1239.4,1254.05,1211.89,1230.13
1999-02-21,1230.13,1252.17,1220.7,1239.22
1999-02-28,1239.22,1283.84,1225.01,1238.33
1999-03-07,1238.33,1275.73,1216.03,1275.47
1999-03-14,1275.47,1306.4301,1271.58,1294.59
1999-03-21,1294.59,1323.8199,1291.03,1299.29
1999-03-28,1299.29,1303.84,1256.4301,1282.8
1999-04-04,1282.8,1313.6,1282.5601,1293.72
1999-04-11,1293.72,1351.22,1293.72,1348.35
1999-04-18,1348.35,1362.38,1308.38,1319.0
1999-04-25,1319.0,1363.65,1284.21,1356.85
1999-05-02,1356.85,1371.5601,1314.58,1335.1801
1999-05-09,1335.1801,1354.64,1317.4399,1345.0
1999-05-16,1345.0,1375.98,1332.63,1337.8
1999-05-23,1337.8,1350.49,1321.1899,1330.29
1999-05-30,1330.29,1333.02,1277.3101,1301.84
1999-06-06,1301.84,1327.75,1277.47,1327.75
1999-06-13,1327.75,1336.42,1287.88,1293.64
1999-06-20,1293.64,1344.48,1292.2,1342.84
1999-06-27,1342.84,1351.12,1308.47,1315.3101
1999-07-04,1315.3101,1391.22,1315.3101,1391.22
1999-07-11,1391.22,1405.29,1384.95,1403.28
1999-07-18,1403.28,1418.78,1386.51,1418.78
1999-07-25,1418.78,1420.33,1349.91,1356.9399
1999-08-01,1356.9399,1370.53,1328.49,1328.72
1999-08-08,1328.72,1344.6899,1287.23,1300.29
1999-08-15,1300.29,1327.72,1267.73,1327.6801
1999-08-22,1327.6801,1344.16,1315.35,1336.61
1999-08-29,1336.61,1382.84,1336.61,1348.27
1999-09-05,1348.27,1357.74,1304.88,1357.24
1999-09-12,1357.24,1361.39,1333.91,1351.66
1999-09-19,1351.66,1351.66,1299.97,1335.42
1999-09-26,1335.42,1338.38,1263.84,1277.36
1999-10-03,1277.36,1295.03,1256.26,1282.8101
1999-10-10,1282.8101,1336.61,1282.8101,1336.02
1999-10-17,1336.02,1339.23,1245.39,1247.41
1999-10-24,1247.41,1308.8101,1233.7,1301.65
1999-10-31,1301.65,1373.17,1280.48,1362.9301
1999-11-07,1362.9301,1387.48,1346.41,1370.23
1999-11-14,1370.23,1396.12,1359.98,1396.0601
1999-11-21,1396.0601,1425.3101,1392.28,1422.0
1999-11-28,1422.0,1425.24,1399.17,1416.62
1999-12-05,1416.62,1447.42,1386.95,1433.3
1999-12-12,1433.3,1434.15,1391.47,1417.04
1999-12-19,1417.04,1431.77,1396.2,1421.03
1999-12-26,1421.03,1461.4399,1411.1,1458.34
2000-01-02,1458.34,1473.1,1450.83,1469.25
2000-01-09,1469.25,1478.0,1377.6801,1441.47
2000-01-16,1441.47,1473.0,1427.08,1465.15
2000-01-23,1465.15,1465.71,1438.54,1441.36
2000-01-30,1441.36,1454.09,1356.2,1360.16
2000-02-06,1360.16,1435.91,1350.14,1424.37
2000-02-13,1424.37,1444.55,1378.89,1387.12
2000-02-20,1387.12,1407.72,1345.3199,1346.09
2000-02-27,1346.09,1370.11,1329.15,1333.36
2000-03-05,1333.36,1410.88,1325.0699,1409.17
2000-03-12,1409.17,1413.46,1346.62,1395.0699
2000-03-19,1395.0699,1477.33,1356.99,1464.47
2000-03-26,1464.47,1552.87,1446.0601,1527.46
2000-04-02,1527.46,1534.63,1474.63,1498.58
2000-04-09,1498.58,1526.45,1416.41,1516.35
2000-04-16,1516.35,1527.1899,1339.4,1356.5601
2000-04-23,1356.5601,1447.6899,1346.5,1434.54
2000-04-30,1434.54,1482.9399,1407.13,1452.4301
2000-05-07,1452.4301,1481.51,1398.36,1432.63
2000-05-14,1432.63,1432.63,1375.14,1420.96
2000-05-21,1420.96,1470.4,1401.74,1406.95
2000-05-28,1406.95,1411.65,1361.09,1378.02
2000-06-04,1378.02,1483.23,1378.02,1477.26
2000-06-11,1477.26,1477.28,1454.74,1456.95
2000-06-18,1456.95,1483.62,1442.38,1464.46
2000-06-25,1464.46,1488.9301,1438.3101,1441.48
2000-07-02,1441.48,1467.63,1434.63,1454.6
2000-07-09,1454.6,1484.12,1439.5601,1478.9
2000-07-16,1478.9,1509.99,1470.48,1509.98
2000-07-23,1509.98,1517.3199,1477.91,1480.1899
2000-07-30,1480.1899,1485.88,1413.89,1419.89
2000-08-06,1419.89,1462.9301,1418.71,1462.9301
2000-08-13,1462.9301,1490.33,1453.0601,1471.84
2000-08-20,1471.84,1499.47,1468.5601,1491.72
2000-08-27,1491.72,1513.47,1489.52,1506.45
2000-09-03,1506.45,1530.09,1500.09,1520.77
2000-09-10,1520.77,1520.77,1489.88,1494.5
2000-09-17,1494.5,1506.76,1460.22,1465.8101
2000-09-24,1465.8101,1467.77,1421.88,1448.72
2000-10-01,1448.72,1461.6899,1419.4399,1436.51
2000-10-08,1436.52,1454.8199,1397.0601,1408.99
2000-10-15,1408.99,1409.6899,1327.08,1374.17
2000-10-22,1374.17,1408.47,1305.79,1396.9301
2000-10-29,1396.9301,1415.64,1337.8101,1379.58
2000-11-05,1379.58,1433.4,1376.86,1426.6899
2000-11-12,1428.76,1438.46,1365.97,1365.98
2000-11-19,1365.98,1395.96,1328.62,1367.72
2000-11-26,1367.72,1367.72,1321.89,1341.77
2000-12-03,1341.77,1362.5,1294.9,1315.23
2000-12-10,1315.1801,1380.33,1310.23,1369.89
2000-12-17,1369.89,1389.05,1305.38,1312.15
2000-12-24,1312.15,1346.4399,1254.0699,1305.95
2000-12-31,1305.97,1340.1,1301.64,1320.28
2001-01-07,1320.28,1350.24,1274.62,1298.35
2001-01-14,1298.35,1333.21,1276.29,1318.55
2001-01-21,1318.3199,1354.55,1313.33,1342.54
2001-01-28,1342.54,1369.75,1333.84,1354.95
2001-02-04,1354.92,1383.37,1348.72,1349.47
2001-02-11,1349.47,1363.55,1309.98,1314.76
2001-02-18,1314.76,1336.62,1293.1801,1301.53
2001-02-25,1301.53,1307.16,1215.4399,1245.86
2001-03-04,1245.86,1272.76,1214.5,1234.1801
2001-03-11,1234.1801,1267.42,1228.42,1233.42
2001-03-18,1233.42,1233.42,1148.64,1150.53
2001-03-25,1150.53,1180.5601,1081.1899,1139.83
2001-04-01,1139.83,1183.35,1136.26,1160.33
2001-04-08,1160.33,1169.51,1091.99,1128.4301
2001-04-15,1128.4301,1183.51,1126.38,1183.5
2001-04-22,1183.5,1253.71,1167.38,1242.98
2001-04-29,1242.98,1253.0699,1207.38,1253.05
2001-05-06,1253.05,1272.9301,1232.0,1266.61
2001-05-13,1266.61,1270.0,1240.79,1245.67
2001-05-20,1245.67,1296.48,1241.02,1291.96
2001-05-27,1291.96,1315.9301,1276.42,1277.89
2001-06-03,1277.89,1278.42,1245.96,1260.67
2001-06-10,1260.67,1286.62,1256.36,1264.96
2001-06-17,1264.96,1264.96,1203.03,1214.36
2001-06-24,1214.36,1240.24,1207.71,1225.35
2001-07-01,1225.35,1237.29,1204.64,1224.38
2001-07-08,1224.42,1239.78,1188.74,1190.59
2001-07-15,1190.59,1218.54,1168.46,1215.6801
2001-07-22,1215.6801,1225.04,1196.14,1210.85
2001-07-29,1210.85,1215.22,1165.54,1205.8199
2001-08-05,1205.8199,1226.27,1200.41,1214.35
2001-08-12,1214.35,1214.35,1169.55,1190.16
2001-08-19,1190.16,1198.79,1156.0699,1161.97
2001-08-26,1161.97,1185.15,1153.34,1184.9301
2001-09-02,1184.9301,1186.85,1124.87,1133.58
2001-09-09,1133.58,1155.4,1082.12,1085.78
2001-09-16,1085.78,1096.9399,1073.15,1092.54
2001-09-23,1092.54,1092.54,944.75,965.8
2001-09-30,965.8,1040.9399,965.8,1040.9399
2001-10-07,1040.9399,1084.12,1026.76,1071.38
2001-10-14,1071.37,1099.16,1052.76,1091.65
2001-10-21,1091.65,1107.12,1057.24,1073.48
2001-10-28,1073.48,1110.61,1065.64,1104.61
2001-11-04,1104.61,1104.61,1053.61,1087.2
2001-11-11,1087.2,1135.75,1087.2,1120.3101
2001-11-18,1120.3101,1148.28,1098.3199,1138.65
2001-11-25,1138.65,1152.45,1129.78,1150.34
2001-12-02,1150.34,1163.38,1125.51,1139.45
2001-12-09,1139.45,1173.62,1125.78,1158.3101
2001-12-16,1158.3101,1158.3101,1114.53,1123.09
2001-12-23,1123.09,1152.4399,1122.66,1144.89
2001-12-30,1144.89,1164.64,1144.62,1161.02
2002-01-06,1161.02,1176.55,1136.23,1172.51
2002-01-13,1172.51,1176.97,1145.45,1145.6
2002-01-20,1145.6,1148.8101,1124.45,1127.58
2002-01-27,1127.58,1139.5,1117.4301,1133.28
2002-02-03,1133.28,1138.63,1081.66,1122.2
2002-02-10,1122.2,1122.2,1077.78,1096.22
2002-02-17,1096.22,1124.72,1094.6801,1104.1801
2002-02-24,1104.1801,1104.1801,1074.36,1089.84
2002-03-03,1089.84,1131.79,1089.84,1131.78
2002-03-10,1131.78,1172.76,1130.9301,1164.3101
2002-03-17,1164.3101,1173.03,1151.01,1166.16
2002-03-24,1166.16,1173.9399,1139.48,1148.7
2002-03-31,1148.7,1154.45,1131.61,1147.39
2002-04-07,1147.39,1147.84,1119.49,1122.73
2002-04-14,1122.73,1131.76,1102.42,1111.01
2002-04-21,1111.01,1133.0,1099.41,1125.17
2002-04-28,1125.17,1125.17,1076.3101,1076.3199
2002-05-05,1076.3199,1091.42,1063.46,1073.4301
2002-05-12,1073.4301,1088.92,1048.96,1054.99
2002-05-19,1054.99,1106.59,1053.9,1106.59
2002-05-26,1106.59,1106.59,1075.64,1083.8199
2002-06-02,1083.8199,1085.98,1054.26,1067.14
2002-06-09,1067.14,1070.74,1012.49,1027.53
2002-06-16,1027.53,1039.04,981.63,1007.27
2002-06-23,1007.27,1040.83,985.65,989.14
2002-06-30,989.14,1005.88,952.92,989.82
2002-07-07,989.82,994.46,934.87,989.03
2002-07-14,989.03,993.56,900.94,921.39
2002-07-21,921.39,926.52,842.07,847.75
2002-07-28,847.76,854.13,775.68,852.84
2002-08-04,852.84,911.64,852.84,864.24
2002-08-11,864.24,913.95,833.44,908.64
2002-08-18,908.64,935.38,876.2,928.77
2002-08-25,928.77,965.0,927.21,940.86
2002-09-01,940.86,955.82,903.33,916.07
2002-09-08,916.07,916.07,870.5,893.92
2002-09-15,893.92,924.02,877.05,889.81
2002-09-22,889.81,902.68,839.09,845.39
2002-09-29,845.39,856.6,817.38,827.37
2002-10-06,827.37,851.93,794.1,800.58
2002-10-13,800.58,843.27,768.63,835.32
2002-10-20,835.32,886.68,828.37,884.39
2002-10-27,884.39,902.94,873.06,897.65
2002-11-03,897.65,907.44,867.91,900.96
2002-11-10,900.96,925.66,891.62,894.74
2002-11-17,894.74,910.21,872.05,909.83
2002-11-24,909.83,937.28,893.09,930.55
2002-12-01,930.55,941.82,912.1,936.31
2002-12-08,936.31,954.28,895.96,912.23
2002-12-15,912.23,912.23,888.48,889.48
2002-12-22,889.48,911.22,880.32,895.76
2002-12-29,895.74,903.89,873.62,875.4
2003-01-05,875.4,911.25,869.45,908.59
2003-01-12,908.59,932.89,908.32,927.57
2003-01-19,927.57,935.05,899.02,901.78
2003-01-26,901.78,906.0,859.71,861.4
2003-02-02,861.4,868.72,840.34,855.7
2003-02-09,855.7,864.64,826.7,829.69
2003-02-16,829.69,843.02,806.29,834.89
2003-02-23,834.89,852.87,831.48,848.17
2003-03-02,848.17,848.17,818.54,841.15
2003-03-09,841.15,852.34,811.23,828.89
2003-03-16,828.89,841.39,788.9,833.27
2003-03-23,833.27,895.9,827.17,895.79
2003-03-30,895.79,895.79,858.09,863.5
2003-04-06,863.5,885.89,843.68,878.85
2003-04-13,878.85,904.89,862.76,868.3
2003-04-20,868.3,896.77,868.3,893.58
2003-04-27,893.58,919.74,886.7,898.81
2003-05-04,898.81,930.56,898.81,930.08
2003-05-11,930.08,939.61,919.72,933.41
2003-05-18,933.41,948.65,929.3,944.3
2003-05-25,944.3,944.3,912.05,933.22
2003-06-01,933.22,965.38,927.33,963.59
2003-06-08,963.59,1007.69,963.59,987.76
2003-06-15,987.76,1002.74,972.59,988.61
2003-06-22,988.61,1015.33,988.61,995.69
2003-06-29,995.69,995.69,973.8,976.22
2003-07-06,976.22,995.0,962.1,985.7
2003-07-13,985.7,1010.43,983.63,998.14
2003-07-20,998.14,1015.41,978.6,993.32
2003-07-27,993.32,998.89,975.63,998.68
2003-08-03,998.68,1004.59,978.86,980.15
2003-08-10,980.15,985.75,960.84,977.59
2003-08-17,977.59,992.5,974.21,990.67
2003-08-24,990.67,1011.01,990.67,993.06
2003-08-31,993.06,1008.85,983.57,1008.01
2003-09-07,1008.01,1029.34,1005.73,1021.39
2003-09-14,1021.39,1032.41,1007.71,1018.63
2003-09-21,1018.63,1040.29,1013.59,1036.3
2003-09-28,1036.3,1036.3,996.08,996.85
2003-10-05,996.85,1039.3101,990.36,1029.85
2003-10-12,1029.85,1048.28,1026.27,1038.0601
2003-10-19,1038.0601,1053.79,1036.5699,1039.3199
2003-10-26,1039.3199,1048.5699,1018.32,1028.91
2003-11-02,1028.91,1053.09,1028.91,1050.71
2003-11-09,1050.71,1062.39,1044.88,1053.21
2003-11-16,1053.21,1063.65,1043.46,1050.35
2003-11-23,1050.35,1050.35,1031.2,1035.28
2003-11-30,1035.28,1060.63,1035.28,1058.2
2003-12-07,1058.2,1074.3,1058.2,1061.5
2003-12-14,1061.5,1074.76,1053.41,1074.14
2003-12-21,1074.14,1091.0601,1068.0,1088.66
2003-12-28,1088.66,1098.47,1086.14,1095.89
2004-01-04,1095.89,1118.85,1095.89,1108.48
2004-01-11,1108.48,1131.92,1108.48,1121.86
2004-01-18,1121.86,1139.83,1115.1899,1139.83
2004-01-25,1139.83,1150.51,1134.62,1141.55
2004-02-01,1141.55,1155.38,1122.38,1131.13
2004-02-08,1131.13,1142.79,1124.4399,1142.76
2004-02-15,1142.76,1158.89,1138.7,1145.8101
2004-02-22,1145.8101,1158.98,1139.0,1144.11
2004-02-29,1144.11,1151.6801,1134.4301,1144.9399
2004-03-07,1144.9399,1163.23,1143.78,1156.86
2004-03-14,1156.86,1159.9399,1105.87,1120.5699
2004-03-21,1120.5699,1125.76,1102.61,1109.78
2004-03-28,1109.78,1115.27,1087.16,1108.0601
2004-04-04,1108.0601,1144.8101,1108.0601,1141.8101
2004-04-11,1141.8101,1150.5699,1134.52,1139.3199
2004-04-18,1139.3199,1147.78,1120.75,1134.61
2004-04-25,1134.5601,1142.77,1116.03,1140.6
2004-05-02,1140.6,1146.5601,1107.23,1107.3
2004-05-09,1107.3,1127.74,1098.63,1098.7
2004-05-16,1098.7,1102.77,1076.3199,1095.7
2004-05-23,1095.7,1105.9301,1079.36,1093.5601
2004-05-30,1093.5601,1123.95,1090.74,1120.6801
2004-06-06,1120.6801,1129.17,1113.3199,1122.5
2004-06-13,1122.5,1142.1801,1122.5,1136.47
2004-06-20,1136.47,1138.96,1122.16,1135.02
2004-06-27,1135.02,1146.34,1124.37,1134.4301
2004-07-04,1134.4301,1144.2,1123.0601,1125.38
2004-07-11,1125.38,1125.38,1108.72,1112.8101
2004-07-18,1112.8101,1119.6,1101.0699,1101.39
2004-07-25,1101.39,1116.27,1083.5601,1086.2
2004-08-01,1086.2,1103.73,1078.78,1101.72
2004-08-08,1101.72,1108.6,1062.23,1063.97
2004-08-15,1063.97,1079.04,1060.72,1064.8
2004-08-22,1064.8,1100.26,1064.8,1098.35
2004-08-29,1098.35,1109.6801,1092.8199,1107.77
2004-09-05,1107.77,1120.8,1094.72,1113.63
2004-09-12,1113.63,1125.26,1113.62,1123.92
2004-09-19,1123.92,1130.14,1119.8199,1128.55
2004-09-26,1128.55,1131.54,1108.05,1110.11
2004-10-03,1110.11,1131.64,1101.29,1131.5
2004-10-10,1131.5,1142.05,1120.1899,1122.14
2004-10-17,1122.14,1127.01,1102.0601,1108.2
2004-10-24,1108.2,1117.96,1094.25,1095.74
2004-10-31,1095.74,1131.4,1090.29,1130.2
2004-11-07,1130.2,1170.87,1127.6,1166.17
2004-11-14,1166.17,1184.17,1162.3199,1184.17
2004-11-21,1184.17,1188.46,1169.1899,1170.34
2004-11-28,1170.34,1186.62,1167.89,1182.65
2004-12-05,1182.65,1197.46,1172.37,1191.17
2004-12-12,1191.17,1192.41,1173.79,1188.0
2004-12-19,1188.0,1207.97,1188.0,1194.2
2004-12-26,1194.2,1213.66,1193.36,1210.13
2005-01-02,1210.13,1217.33,1204.92,1211.92
2005-01-09,1211.92,1217.8,1182.16,1186.1899
2005-01-16,1186.1899,1194.78,1175.64,1184.52
2005-01-23,1184.52,1195.98,1167.8199,1167.87
2005-01-30,1167.87,1177.5,1163.75,1171.36
2005-02-06,1171.36,1203.47,1171.36,1203.03
2005-02-13,1203.03,1208.38,1191.54,1205.3
2005-02-20,1205.3,1212.4399,1197.35,1201.59
2005-02-27,1201.59,1212.15,1184.16,1211.37
2005-03-06,1211.37,1224.76,1198.13,1222.12
2005-03-13,1222.12,1229.11,1198.15,1200.08
2005-03-20,1200.08,1210.54,1182.78,1189.65
2005-03-27,1189.65,1189.65,1168.7,1171.42
2005-04-03,1171.42,1189.8,1163.6899,1172.92
2005-04-10,1172.79,1191.88,1167.72,1181.2
2005-04-17,1181.2,1190.17,1141.92,1142.62
2005-04-24,1142.62,1159.95,1136.15,1152.12
2005-05-01,1152.12,1164.8,1139.1899,1156.85
2005-05-08,1156.85,1178.62,1154.71,1171.35
2005-05-15,1171.35,1178.87,1146.1801,1154.05
2005-05-22,1154.05,1191.22,1153.64,1189.28
2005-05-29,1189.28,1199.5601,1185.96,1198.78
2005-06-05,1198.78,1205.64,1191.03,1196.02
2005-06-12,1196.02,1208.85,1191.09,1198.11
2005-06-19,1198.11,1219.55,1194.51,1216.96
2005-06-26,1216.96,1219.59,1191.45,1191.5699
2005-07-03,1191.5699,1204.0699,1188.3,1194.4399
2005-07-10,1194.4399,1212.73,1183.55,1211.86
2005-07-17,1211.86,1233.16,1211.86,1227.92
2005-07-24,1227.92,1236.5601,1221.13,1233.6801
2005-07-31,1233.6801,1245.15,1228.15,1234.1801
2005-08-07,1234.1801,1245.86,1225.62,1226.42
2005-08-14,1226.42,1242.6899,1222.67,1230.39
2005-08-21,1230.4,1236.24,1215.9301,1219.71
2005-08-28,1219.71,1228.96,1204.23,1205.1
2005-09-04,1205.1,1227.29,1201.0699,1218.02
2005-09-11,1218.02,1243.13,1218.02,1241.48
2005-09-18,1241.48,1242.6,1224.85,1237.91
2005-09-25,1237.91,1237.91,1205.35,1215.29
2005-10-02,1215.29,1229.5699,1211.11,1228.8101
2005-10-09,1228.8101,1233.34,1181.92,1195.9
2005-10-16,1195.9,1196.52,1168.2,1186.5699
2005-10-23,1186.5699,1197.3,1170.55,1179.59
2005-10-30,1179.59,1204.01,1178.89,1198.41
2005-11-06,1198.41,1224.7,1198.41,1220.14
2005-11-13,1220.14,1235.7,1215.05,1234.72
2005-11-20,1234.72,1249.58,1226.41,1248.27
2005-11-27,1248.27,1270.64,1246.9,1268.25
2005-12-04,1268.25,1268.4399,1249.39,1265.08
2005-12-11,1265.08,1272.89,1250.91,1259.37
2005-12-18,1259.37,1275.8,1255.52,1267.3199
2005-12-25,1267.3199,1270.51,1257.21,1268.66
2006-01-01,1268.66,1271.83,1246.59,1248.29
2006-01-08,1248.29,1286.09,1245.74,1285.45
2006-01-15,1285.45,1294.9,1282.78,1287.61
2006-01-22,1287.61,1287.79,1260.92,1261.49
2006-01-29,1261.49,1286.38,1259.42,1283.72
2006-02-05,1283.72,1287.9399,1261.02,1264.03
2006-02-12,1264.03,1274.5601,1253.61,1266.99
2006-02-19,1266.99,1289.47,1258.34,1287.24
2006-02-26,1287.24,1294.17,1281.33,1289.4301
2006-03-05,1289.4301,1297.5699,1278.66,1287.23
2006-03-12,1287.23,1288.23,1268.42,1281.42
2006-03-19,1281.58,1310.45,1281.58,1307.25
2006-03-26,1307.25,1310.88,1295.8101,1302.95
2006-04-02,1302.95,1310.15,1291.84,1294.87
2006-04-09,1302.88,1314.0699,1294.1801,1295.5
2006-04-16,1295.51,1300.74,1282.96,1289.12
2006-04-23,1289.12,1318.16,1280.74,1311.28
2006-04-30,1311.28,1316.04,1295.5699,1310.61
2006-05-07,1310.61,1326.53,1303.46,1325.76
2006-05-14,1325.76,1326.7,1290.38,1291.24
2006-05-21,1291.1899,1297.88,1256.28,1267.03
2006-05-28,1267.03,1280.54,1245.34,1280.16
2006-06-04,1280.04,1290.6801,1259.38,1288.22
2006-06-11,1288.16,1288.16,1235.1801,1252.3
2006-06-18,1252.27,1258.64,1219.29,1251.54
2006-06-25,1251.54,1257.96,1237.17,1244.5
2006-07-02,1244.5,1276.3,1237.59,1270.2
2006-07-09,1270.0601,1280.38,1263.13,1265.48
2006-07-16,1265.46,1274.0601,1228.45,1236.2
2006-07-23,1236.2,1262.5601,1224.54,1240.29
2006-07-30,1240.25,1280.42,1240.25,1278.55
2006-08-06,1278.53,1292.92,1265.71,1279.36
2006-08-13,1279.3101,1283.74,1261.3,1266.74
2006-08-20,1266.67,1302.3,1266.67,1302.3
2006-08-27,1302.3,1302.49,1289.8199,1295.09
2006-09-03,1295.09,1312.03,1293.97,1311.01
2006-09-10,1310.9399,1314.67,1292.13,1298.92
2006-09-17,1298.86,1324.65,1290.9301,1319.66
2006-09-24,1319.85,1328.53,1310.9399,1314.78
2006-10-01,1314.78,1340.28,1311.58,1335.85
2006-10-08,1335.8199,1353.79,1327.1,1349.59
2006-10-15,1349.58,1366.63,1343.5699,1365.62
2006-10-22,1365.61,1372.87,1356.87,1368.6
2006-10-29,1368.58,1389.45,1363.9399,1377.34
2006-11-05,1377.3,1381.95,1360.98,1364.3
2006-11-12,1364.27,1388.92,1364.27,1380.9
2006-11-19,1380.58,1403.76,1378.8,1401.2
2006-11-26,1401.17,1407.89,1397.85,1400.95
2006-12-03,1400.95,1406.3,1377.83,1396.71
2006-12-10,1396.67,1418.27,1396.67,1409.84
2006-12-17,1409.8101,1431.63,1404.75,1427.09
2006-12-24,1427.08,1431.8101,1410.28,1410.76
2006-12-31,1410.75,1427.72,1410.45,1418.3
2007-01-07,1418.03,1429.42,1405.75,1409.71
2007-01-14,1409.26,1431.23,1403.97,1430.73
2007-01-21,1430.73,1435.27,1424.21,1430.5
2007-01-28,1430.47,1440.6899,1416.96,1422.1801
2007-02-04,1422.03,1449.33,1418.46,1448.39
2007-02-11,1448.33,1452.99,1433.4399,1438.0601
2007-02-18,1438.0,1457.97,1431.4399,1455.54
2007-02-25,1455.53,1461.5699,1448.36,1451.1899
2007-03-04,1451.04,1456.95,1380.87,1387.17
2007-03-11,1387.11,1410.15,1373.97,1402.84
2007-03-18,1402.8,1409.34,1363.98,1386.95
2007-03-25,1386.95,1438.89,1386.95,1436.11
2007-04-01,1436.11,1437.65,1408.9,1420.86
2007-04-08,1420.83,1444.88,1416.37,1443.76
2007-04-15,1443.77,1453.11,1433.91,1452.85
2007-04-22,1452.84,1484.74,1452.84,1484.35
2007-04-29,1484.33,1498.02,1473.74,1494.0699
2007-05-06,1494.0699,1510.34,1476.7,1505.62
2007-05-13,1505.5699,1513.8,1491.42,1505.85
2007-05-20,1505.76,1522.75,1498.34,1522.75
2007-05-27,1522.75,1532.4301,1505.1801,1515.73
2007-06-03,1515.55,1540.5601,1510.0601,1536.34
2007-06-10,1536.28,1540.53,1487.41,1507.67
2007-06-17,1507.64,1538.71,1492.65,1532.91
2007-06-24,1532.9,1537.3199,1500.74,1502.5601
2007-07-01,1502.5601,1517.53,1484.1801,1503.35
2007-07-08,1504.66,1532.4,1504.66,1530.4399
2007-07-15,1530.4301,1555.1,1506.1,1552.5
2007-07-22,1552.5,1555.9,1529.2,1534.1
2007-07-29,1534.0601,1547.23,1458.95,1458.95
2007-08-05,1458.9301,1488.3,1432.8,1433.0601
2007-08-12,1433.04,1503.89,1427.39,1453.64
2007-08-19,1453.42,1466.29,1370.6,1445.9399
2007-08-26,1445.9399,1479.4,1430.54,1479.37
2007-09-02,1479.36,1481.47,1432.01,1473.99
2007-09-09,1473.96,1496.4,1449.0699,1453.55
2007-09-16,1453.5,1489.58,1439.29,1484.25
2007-09-23,1484.24,1538.74,1471.8199,1525.75
2007-09-30,1525.75,1533.74,1507.13,1526.75
2007-10-07,1527.29,1561.91,1527.25,1557.59
2007-10-14,1556.51,1576.09,1546.72,1561.8
2007-10-21,1562.25,1564.74,1500.26,1500.63
2007-10-28,1497.79,1535.53,1489.5601,1535.28
2007-11-04,1536.92,1552.76,1492.53,1509.65
2007-11-11,1505.61,1520.77,1448.51,1453.7
2007-11-18,1453.66,1492.14,1438.53,1458.74
2007-11-25,1456.7,1456.7,1415.64,1440.7
2007-12-02,1440.74,1488.9399,1406.1,1481.14
2007-12-09,1479.63,1510.63,1460.66,1504.66
2007-12-16,1505.11,1523.5699,1467.78,1467.95
2007-12-23,1465.05,1485.4,1435.65,1484.46
2007-12-30,1484.55,1498.85,1471.7,1478.49
2008-01-06,1475.25,1475.83,1411.1899,1411.63
2008-01-13,1414.0699,1430.28,1378.7,1401.02
2008-01-20,1402.91,1417.89,1312.51,1325.1899
2008-01-27,1312.9399,1368.5601,1270.05,1330.61
2008-02-03,1330.7,1396.02,1322.26,1395.42
2008-02-10,1395.38,1395.38,1316.75,1331.29
2008-02-17,1331.92,1369.23,1320.3199,1349.99
2008-02-24,1355.86,1367.9399,1327.04,1353.11
2008-03-02,1352.75,1388.34,1325.42,1330.63
2008-03-09,1330.45,1344.1899,1282.4301,1293.37
2008-03-16,1293.16,1333.26,1272.66,1288.14
2008-03-23,1283.21,1341.51,1256.98,1329.51
2008-03-30,1330.29,1359.6801,1312.95,1315.22
2008-04-06,1315.92,1380.91,1312.8101,1370.4
2008-04-13,1373.6899,1386.74,1331.21,1332.83
2008-04-20,1332.2,1395.9,1324.35,1390.33
2008-04-27,1387.72,1399.11,1369.84,1397.84
2008-05-04,1397.96,1422.72,1383.0699,1413.9
2008-05-11,1415.34,1421.5699,1384.11,1388.28
2008-05-18,1389.4,1425.8199,1386.2,1425.35
2008-05-25,1425.28,1440.24,1373.72,1375.9301
2008-06-01,1375.97,1406.3199,1373.0699,1400.38
2008-06-08,1399.62,1404.05,1359.9,1360.6801
2008-06-15,1360.83,1370.63,1331.29,1360.03
2008-06-22,1358.85,1366.59,1314.46,1317.9301
2008-06-29,1319.77,1335.63,1272.0,1278.38
2008-07-06,1278.0601,1292.17,1252.01,1262.9
2008-07-13,1262.9,1277.36,1225.35,1239.49
2008-07-20,1241.61,1262.3101,1200.4399,1260.6801
2008-07-27,1261.8199,1291.17,1248.83,1257.76
2008-08-03,1257.76,1284.9301,1234.37,1260.3101
2008-08-10,1253.27,1297.85,1247.45,1296.3199
2008-08-17,1294.42,1313.15,1274.86,1298.2
2008-08-24,1298.14,1300.22,1261.16,1292.2
2008-08-31,1290.47,1300.6801,1263.21,1282.83
2008-09-07,1287.83,1303.04,1217.23,1242.3101
2008-09-14,1249.5,1274.42,1211.54,1251.7
2008-09-21,1250.92,1265.12,1133.5,1255.08
2008-09-28,1255.37,1255.37,1179.79,1213.27
2008-10-05,1209.0699,1209.0699,1098.14,1099.23
2008-10-12,1097.5601,1097.5601,839.8,899.22
2008-10-19,912.75,1044.3101,865.83,940.55
2008-10-26,943.51,985.44,852.85,876.77
2008-11-02,874.28,984.38,845.27,968.75
2008-11-09,968.67,1007.51,899.73,930.99
2008-11-16,936.75,951.95,818.69,873.29
2008-11-23,873.23,882.29,741.02,800.03
2008-11-30,801.2,896.25,801.2,896.24
2008-12-07,888.61,888.61,815.69,876.07
2008-12-14,882.71,918.57,851.35,879.73
2008-12-21,881.07,918.85,857.72,887.88
2008-12-28,887.2,887.37,857.09,872.8
2009-01-04,872.37,934.73,857.07,931.8
2009-01-11,929.17,943.85,888.31,890.35
2009-01-18,890.4,890.4,817.04,850.12
2009-01-25,849.64,849.64,804.3,831.95
2009-02-01,832.5,877.86,821.67,825.88
2009-02-08,823.09,870.75,812.87,868.6
2009-02-15,868.24,875.01,808.06,826.84
2009-02-22,818.61,818.61,754.25,770.05
2009-03-01,773.25,780.12,734.52,735.09
2009-03-08,729.57,729.57,666.79,683.38
2009-03-15,680.76,758.29,672.88,756.55
2009-03-22,758.84,803.24,749.93,768.54
2009-03-29,772.31,832.98,772.31,815.94
2009-04-05,809.07,845.61,779.81,842.5
2009-04-12,839.75,856.91,814.53,856.56
2009-04-19,855.33,875.63,835.58,869.6
2009-04-26,868.27,871.8,826.83,866.23
2009-05-03,862.82,888.7,847.12,877.52
2009-05-10,879.21,930.17,879.21,929.23
2009-05-17,922.99,922.99,878.94,882.88
2009-05-24,886.07,924.6,879.61,887.0
2009-05-31,887.0,920.02,881.46,919.14
2009-06-07,923.26,951.69,923.26,940.09
2009-06-14,938.12,956.23,926.44,946.21
2009-06-21,942.45,942.45,903.78,921.23
2009-06-28,918.13,922.0,888.86,918.9
2009-07-05,919.86,931.92,896.42,896.42
2009-07-12,894.27,898.72,869.32,879.13
2009-07-19,879.57,943.96,875.32,940.38
2009-07-26,942.07,979.79,940.99,979.26
2009-08-02,978.63,996.68,968.65,987.48
2009-08-09,990.22,1018.0,990.22,1010.48
2009-08-16,1008.89,1013.14,992.4,1004.09
2009-08-23,998.18,1027.59,978.51,1026.13
2009-08-30,1026.59,1039.47,1016.2,1028.9301
2009-09-06,1025.21,1028.45,991.97,1016.4
2009-09-13,1018.67,1048.1801,1018.67,1042.73
2009-09-20,1040.15,1074.77,1035.0,1068.3
2009-09-27,1067.14,1080.15,1041.17,1044.38
2009-10-04,1045.38,1069.62,1019.95,1025.21
2009-10-11,1026.87,1071.51,1025.92,1071.49
2009-10-18,1071.63,1096.5601,1066.71,1087.6801
2009-10-25,1088.22,1101.36,1074.3101,1079.6
2009-11-01,1080.36,1091.75,1033.38,1036.1899
2009-11-08,1036.1801,1071.48,1029.38,1069.3
2009-11-15,1072.3101,1105.37,1072.3101,1093.48
2009-11-22,1094.13,1113.6899,1086.8101,1091.38
2009-11-29,1094.86,1112.38,1083.74,1091.49
2009-12-06,1091.0699,1119.13,1086.25,1105.98
2009-12-13,1105.52,1110.72,1085.89,1106.41
2009-12-20,1107.84,1116.21,1093.88,1102.47
2009-12-27,1105.3101,1126.48,1105.3101,1126.48
2010-01-03,1127.53,1130.38,1114.8101,1115.1
2010-01-10,1116.5601,1145.39,1116.5601,1144.98
2010-01-17,1145.96,1150.41,1131.39,1136.03
2010-01-24,1136.03,1150.45,1090.1801,1091.76
2010-01-31,1092.4,1103.6899,1071.59,1073.87
2010-02-07,1073.89,1104.73,1044.5,1066.1899
2010-02-14,1065.51,1080.04,1056.51,1075.51
2010-02-21,1079.13,1112.42,1079.13,1109.17
2010-02-28,1110.0,1112.29,1086.02,1104.49
2010-03-07,1105.36,1139.38,1105.36,1138.7
2010-03-14,1138.4,1153.41,1134.9,1149.99
2010-03-21,1148.53,1169.84,1141.45,1159.9
2010-03-28,1157.25,1180.6899,1152.88,1166.59
2010-04-04,1167.71,1181.4301,1165.77,1178.1
2010-04-11,1178.71,1194.66,1175.12,1194.37
2010-04-18,1194.9399,1213.92,1186.77,1192.13
2010-04-25,1192.0601,1217.28,1183.6801,1217.28
2010-05-02,1217.0699,1219.8,1181.62,1186.6899
2010-05-09,1188.58,1205.13,1065.79,1110.88
2010-05-16,1122.27,1173.5699,1122.27,1135.6801
2010-05-23,1136.52,1148.66,1055.9,1087.6899
2010-05-30,1084.78,1103.52,1040.78,1089.41
2010-06-06,1087.3,1105.67,1060.5,1064.88
2010-06-13,1065.84,1092.25,1042.17,1091.6
2010-06-20,1095.0,1121.01,1089.03,1117.51
2010-06-27,1122.79,1131.23,1067.89,1076.76
2010-07-04,1077.5,1082.6,1010.91,1022.58
2010-07-11,1028.09,1078.16,1018.35,1077.96
2010-07-18,1077.23,1099.46,1063.3199,1064.88
2010-07-25,1066.85,1103.73,1056.88,1102.66
2010-08-01,1102.89,1120.95,1088.01,1101.6
2010-08-08,1107.53,1128.75,1107.17,1121.64
2010-08-15,1122.8,1129.24,1076.6899,1079.25
2010-08-22,1077.49,1100.14,1063.91,1071.6899
2010-08-29,1073.36,1081.58,1039.7,1064.59
2010-09-05,1062.9,1105.1,1040.88,1104.51
2010-09-12,1102.6,1110.88,1091.15,1109.55
2010-09-19,1113.38,1131.47,1113.38,1125.59
2010-09-26,1126.5699,1148.9,1122.79,1148.67
2010-10-03,1148.64,1157.16,1132.09,1146.24
2010-10-10,1144.96,1167.73,1131.87,1165.15
2010-10-17,1165.3199,1184.38,1155.71,1176.1899
2010-10-24,1176.83,1189.4301,1159.71,1183.08
2010-10-31,1184.74,1196.14,1171.7,1183.26
2010-11-07,1185.71,1227.08,1177.65,1225.85
2010-11-14,1223.24,1226.84,1194.08,1199.21
2010-11-21,1200.4399,1207.4301,1173.0,1199.73
2010-11-28,1198.0699,1198.9399,1176.91,1189.4
2010-12-05,1189.08,1225.5699,1173.64,1224.71
2010-12-12,1223.87,1240.4,1219.5,1240.4
2010-12-19,1242.52,1246.73,1232.85,1243.91
2010-12-26,1245.76,1259.39,1241.51,1256.77
2011-01-02,1254.66,1262.6,1251.48,1257.64
2011-01-09,1257.62,1278.17,1257.62,1271.5
2011-01-16,1270.84,1293.24,1262.1801,1293.24
2011-01-23,1293.22,1296.0601,1271.26,1283.35
2011-01-30,1283.29,1302.67,1275.1,1276.34
2011-02-06,1276.5,1311.0,1276.5,1310.87
2011-02-13,1311.85,1330.79,1311.74,1329.15
2011-02-20,1328.73,1344.0699,1324.61,1343.01
2011-02-27,1338.91,1338.91,1294.26,1319.88
2011-03-06,1321.61,1332.28,1302.58,1321.15
2011-03-13,1322.72,1327.6801,1291.99,1304.28
2011-03-20,1301.1899,1301.1899,1249.05,1279.21
2011-03-27,1281.65,1319.1801,1281.65,1313.8
2011-04-03,1315.45,1337.85,1305.26,1332.41
2011-04-10,1333.5601,1339.46,1322.9399,1328.17
2011-04-17,1329.01,1333.77,1302.42,1319.6801
2011-04-24,1313.35,1337.49,1294.7,1337.38
2011-05-01,1337.14,1364.5601,1331.47,1363.61
2011-05-08,1365.21,1370.58,1329.17,1340.2
2011-05-15,1340.2,1359.4399,1332.03,1337.77
2011-05-22,1334.77,1346.8199,1318.51,1333.27
2011-05-29,1333.0699,1334.62,1311.8,1331.1
2011-06-05,1331.1,1345.2,1297.9,1300.16
2011-06-12,1300.26,1300.26,1268.28,1270.98
2011-06-19,1271.3101,1292.5,1258.0699,1271.5
2011-06-26,1271.5,1298.61,1262.87,1268.45
2011-07-03,1268.4399,1341.01,1267.53,1339.67
2011-07-10,1339.59,1356.48,1330.92,1343.8
2011-07-17,1343.3101,1343.3101,1306.51,1316.14
2011-07-24,1315.9399,1347.0,1295.92,1345.02
2011-07-31,1344.3199,1344.3199,1282.86,1292.28
2011-08-07,1292.59,1307.38,1168.09,1199.38
2011-08-14,1198.48,1198.48,1101.54,1178.8101
2011-08-21,1178.86,1208.47,1122.05,1123.53
2011-08-28,1123.55,1190.6801,1121.09,1176.8
2011-09-04,1177.91,1230.71,1170.5601,1173.97
2011-09-11,1173.97,1204.4,1140.13,1154.23
2011-09-18,1153.5,1220.0601,1136.0699,1216.01
2011-09-25,1214.99,1220.39,1114.22,1136.4301
2011-10-02,1136.91,1195.86,1131.0699,1131.42
2011-10-09,1131.21,1171.4,1074.77,1155.46
2011-10-16,1158.15,1224.61,1158.15,1224.58
2011-10-23,1224.47,1239.03,1191.48,1238.25
2011-10-30,1238.72,1292.66,1221.0601,1285.09
2011-11-06,1284.96,1284.96,1215.42,1253.23
2011-11-13,1253.21,1277.55,1226.64,1263.85
2011-11-20,1263.85,1264.25,1209.4301,1215.65
2011-11-27,1215.62,1215.62,1158.66,1158.67
2011-12-04,1158.67,1260.08,1158.67,1244.28
2011-12-11,1244.33,1267.0601,1231.47,1255.1899
2011-12-18,1255.05,1255.05,1209.47,1219.66
2011-12-25,1219.74,1265.42,1202.37,1265.33
2012-01-01,1265.02,1269.37,1248.64,1257.6
2012-01-08,1258.86,1284.62,1258.86,1277.8101
2012-01-15,1277.83,1296.8199,1274.55,1289.09
2012-01-22,1290.22,1315.49,1290.22,1315.38
2012-01-29,1315.29,1333.47,1306.0601,1316.33
2012-02-05,1316.16,1345.34,1300.49,1344.9
2012-02-12,1344.3199,1354.3199,1335.92,1342.64
2012-02-19,1343.0601,1363.4,1340.8,1361.23
2012-02-26,1361.22,1368.92,1352.28,1365.74
2012-03-04,1365.2,1378.04,1354.92,1369.63
2012-03-11,1369.59,1374.76,1340.03,1370.87
2012-03-18,1370.78,1405.88,1366.6899,1404.17
2012-03-25,1404.17,1414.0,1386.87,1397.11
2012-04-01,1397.11,1419.15,1391.5601,1408.47
2012-04-08,1408.47,1422.38,1392.92,1398.08
2012-04-15,1397.45,1397.45,1357.38,1370.26
2012-04-22,1370.27,1392.76,1365.38,1378.53
2012-04-29,1378.53,1406.64,1358.79,1403.36
2012-05-06,1403.26,1415.3199,1367.96,1369.1
2012-05-13,1368.79,1373.91,1343.13,1353.39
2012-05-20,1351.9301,1351.9301,1291.98,1295.22
2012-05-27,1295.73,1328.49,1295.73,1317.8199
2012-06-03,1318.9,1334.9301,1277.25,1278.04
2012-06-10,1278.29,1329.05,1266.74,1325.66
2012-06-17,1325.72,1343.3199,1306.62,1342.84
2012-06-24,1342.42,1363.46,1324.41,1335.02
2012-07-01,1334.9,1362.17,1309.27,1362.16
2012-07-08,1362.33,1374.8101,1348.03,1354.6801
2012-07-15,1354.66,1361.54,1325.41,1356.78
2012-07-22,1356.5,1380.39,1345.0699,1362.66
2012-07-29,1362.34,1389.1899,1329.24,1385.97
2012-08-05,1385.9399,1394.16,1354.65,1390.99
2012-08-12,1391.04,1407.14,1391.04,1405.87
2012-08-19,1405.87,1418.71,1397.3199,1418.16
2012-08-26,1417.85,1426.6801,1398.04,1411.13
2012-09-02,1411.13,1416.17,1397.01,1406.58
2012-09-09,1406.54,1437.92,1396.5601,1437.92
2012-09-16,1437.92,1474.51,1428.98,1465.77
2012-09-23,1465.42,1467.0699,1449.98,1460.15
2012-09-30,1459.76,1463.24,1430.53,1440.67
2012-10-07,1440.9,1470.96,1439.01,1460.9301
2012-10-14,1460.9301,1460.9301,1425.53,1428.59
2012-10-21,1428.75,1464.02,1427.24,1433.1899
2012-10-28,1433.21,1435.46,1403.28,1411.9399
2012-11-04,1410.99,1434.27,1405.95,1414.2
2012-11-11,1414.02,1433.38,1373.03,1379.85
2012-11-18,1379.86,1388.8101,1343.35,1359.88
2012-11-25,1359.88,1409.16,1359.88,1409.15
2012-12-02,1409.15,1419.7,1385.4301,1416.1801
2012-12-09,1416.34,1423.73,1398.23,1418.0699
2012-12-16,1418.0699,1438.59,1411.88,1413.58
2012-12-23,1413.54,1448.0,1413.54,1430.15
2012-12-30,1430.15,1430.15,1401.58,1402.4301
2013-01-06,1402.4301,1467.9399,1398.11,1466.47
2013-01-13,1466.47,1472.75,1451.64,1472.05
2013-01-20,1472.05,1485.98,1463.76,1485.98
2013-01-27,1485.98,1503.26,1481.16,1502.96
2013-02-03,1502.96,1514.41,1496.33,1513.17
2013-02-10,1513.17,1518.3101,1495.02,1517.9301
2013-02-17,1517.9301,1524.6899,1513.61,1519.79
2013-02-24,1519.79,1530.9399,1497.29,1515.6
2013-03-03,1515.6,1525.84,1485.01,1518.2
2013-03-10,1518.2,1552.48,1512.29,1551.1801
2013-03-17,1551.15,1563.62,1547.36,1560.7
2013-03-24,1560.7,1561.5601,1538.5699,1556.89
2013-03-31,1556.89,1570.28,1546.22,1569.1899
2013-04-07,1569.1801,1573.66,1539.5,1553.28
2013-04-14,1553.26,1597.35,1548.63,1588.85
2013-04-21,1588.84,1588.84,1536.03,1555.25
2013-04-28,1555.25,1592.64,1548.1899,1582.24
2013-05-05,1582.34,1618.46,1581.28,1614.42
2013-05-12,1614.4,1635.01,1614.21,1633.7
2013-05-19,1632.1,1667.47,1626.74,1667.47
2013-05-26,1665.71,1687.1801,1635.53,1649.6
2013-06-02,1652.63,1674.21,1630.74,1630.74
2013-06-09,1631.71,1646.53,1598.23,1643.38
2013-06-16,1644.67,1648.6899,1608.0699,1626.73
2013-06-23,1630.64,1654.1899,1577.7,1592.4301
2013-06-30,1588.77,1620.0699,1560.33,1606.28
2013-07-07,1609.78,1632.0699,1604.5699,1631.89
2013-07-14,1634.2,1680.1899,1634.2,1680.1899
2013-07-21,1679.59,1693.12,1671.84,1692.09
2013-07-28,1694.41,1698.78,1676.03,1691.65
2013-08-04,1690.3199,1709.67,1681.86,1709.67
2013-08-11,1708.01,1709.24,1684.91,1691.42
2013-08-18,1688.37,1696.8101,1652.61,1655.83
2013-08-25,1655.25,1664.85,1639.4301,1663.5
2013-09-01,1664.29,1669.51,1627.47,1632.97
2013-09-08,1635.95,1664.83,1633.41,1655.17
2013-09-15,1656.85,1689.97,1656.85,1687.99
2013-09-22,1691.7,1729.86,1691.7,1709.91
2013-09-29,1711.4399,1711.4399,1687.11,1691.75
2013-10-06,1687.26,1696.55,1670.36,1690.5
2013-10-13,1687.15,1703.4399,1646.47,1703.2
2013-10-20,1699.86,1745.3101,1692.13,1744.5
2013-10-27,1745.2,1759.8199,1740.5,1759.77
2013-11-03,1759.42,1775.22,1752.7,1761.64
2013-11-10,1763.4,1774.54,1746.2,1770.61
2013-11-17,1769.96,1798.22,1760.64,1798.1801
2013-11-24,1798.8199,1804.84,1777.23,1804.76
2013-12-01,1806.33,1813.55,1800.58,1805.8101
2013-12-08,1806.55,1810.02,1779.09,1805.09
2013-12-15,1806.21,1811.52,1772.28,1775.3199
2013-12-22,1777.48,1823.75,1767.99,1818.3199
2013-12-29,1822.92,1844.89,1822.92,1841.4
2014-01-05,1841.47,1849.4399,1827.74,1831.37
2014-01-12,1832.3101,1843.23,1823.73,1842.37
2014-01-19,1841.26,1850.84,1815.52,1838.7
2014-01-26,1841.05,1849.3101,1790.29,1790.29
2014-02-02,1791.03,1798.77,1770.45,1782.59
2014-02-09,1782.6801,1798.03,1737.92,1797.02
2014-02-16,1796.2,1841.65,1791.83,1838.63
2014-02-23,1839.03,1847.5,1824.58,1836.25
2014-03-02,1836.78,1867.92,1836.78,1859.45
2014-03-09,1857.6801,1883.5699,1834.4399,1878.04
2014-03-16,1877.86,1882.35,1839.5699,1841.13
2014-03-23,1842.8101,1883.97,1842.8101,1866.52
2014-03-30,1867.67,1875.92,1842.11,1857.62
2014-04-06,1859.16,1897.28,1859.16,1865.09
2014-04-13,1863.92,1872.53,1814.36,1815.6899
2014-04-20,1818.1801,1869.63,1815.8,1864.85
2014-04-27,1865.79,1884.89,1859.7,1863.4
2014-05-04,1865.0,1891.33,1850.61,1881.14
2014-05-11,1879.45,1889.0699,1859.79,1878.48
2014-05-18,1880.03,1902.17,1862.36,1877.86
2014-05-25,1876.66,1901.26,1868.14,1900.53
2014-06-01,1902.01,1924.03,1902.01,1923.5699
2014-06-08,1923.87,1949.4399,1915.98,1949.4399
2014-06-15,1948.97,1955.55,1925.78,1936.16
2014-06-22,1934.84,1963.91,1930.91,1962.87
2014-06-29,1962.92,1968.17,1944.6899,1960.96
2014-07-06,1960.79,1985.59,1958.22,1985.4399
2014-07-13,1984.22,1984.22,1952.86,1967.5699
2014-07-20,1969.86,1983.9399,1955.59,1978.22
2014-07-27,1976.9301,1991.39,1965.77,1978.34
2014-08-03,1978.25,1984.85,1916.37,1925.15
2014-08-10,1926.62,1942.92,1904.78,1931.59
2014-08-17,1933.4301,1964.04,1928.29,1955.0601
2014-08-24,1958.36,1994.76,1958.36,1988.4
2014-08-31,1991.74,2005.04,1990.52,2003.37
2014-09-07,2004.0699,2011.17,1990.1,2007.71
2014-09-14,2007.17,2007.17,1980.26,1985.54
2014-09-21,1986.04,2019.26,1978.48,2010.4
2014-09-28,2009.08,2009.08,1965.99,1982.85
2014-10-05,1978.96,1985.17,1926.03,1967.9
2014-10-12,1970.01,1977.84,1906.05,1906.13
2014-10-19,1905.65,1912.09,1820.66,1886.76
2014-10-26,1885.62,1965.27,1882.3,1964.58
2014-11-02,1962.97,2018.1899,1951.37,2018.05
2014-11-09,2018.21,2034.26,2001.01,2031.92
2014-11-16,2032.01,2046.1801,2030.17,2039.8199
2014-11-23,2038.29,2071.46,2034.46,2063.5
2014-11-30,2065.0701,2075.76,2064.75,2067.5601
2014-12-07,2065.78,2079.47,2049.5701,2075.3701
2014-12-14,2074.8401,2075.78,2002.33,2002.33
2014-12-21,2005.03,2077.8501,1972.5601,2070.6499
2014-12-28,2069.28,2092.7,2069.28,2088.77
2015-01-04,2087.6299,2093.55,2046.04,2058.2
2015-01-11,2054.4399,2064.4299,1992.4399,2044.8101
2015-01-18,2046.13,2056.9299,1988.12,2019.42
2015-01-25,2020.76,2064.6201,2004.49,2051.8201
2015-02-01,2050.4199,2057.6201,1989.1801,1994.99
2015-02-08,1996.67,2072.3999,1980.9,2055.47
2015-02-15,2053.47,2097.03,2041.88,2096.99
2015-02-22,2096.47,2110.6101,2085.4399,2110.3
2015-03-01,2109.8301,2119.5901,2103.0,2104.5
2015-03-08,2105.23,2117.52,2067.27,2071.26
2015-03-15,2072.25,2083.49,2039.6899,2053.3999
2015-03-22,2055.3501,2113.9199,2055.3501,2108.1001
2015-03-29,2107.99,2114.8601,2045.5,2061.02
2015-04-05,2064.1101,2088.97,2048.3799,2066.96
2015-04-12,2064.8701,2102.6101,2056.52,2102.0601
2015-04-19,2102.03,2111.9099,2072.3701,2081.1799
2015-04-26,2084.1101,2120.9199,2084.1101,2117.6899
2015-05-03,2119.29,2125.9199,2077.5901,2108.29
2015-05-10,2110.23,2120.95,2067.9299,2116.1001
2015-05-17,2115.5601,2123.8899,2085.5701,2122.73
2015-05-24,2121.3,2134.72,2120.01,2126.0601
2015-05-31,2125.3401,2126.22,2099.1799,2107.3899
2015-06-07,2108.6399,2121.9199,2085.6699,2092.8301
2015-06-14,2092.3401,2115.02,2072.1399,2094.1101
2015-06-21,2091.3401,2126.6499,2072.49,2109.99
2015-06-28,2112.5,2129.8701,2095.3799,2101.49
2015-07-05,2098.6299,2098.6299,2056.3201,2076.78
2015-07-12,2073.95,2083.74,2044.02,2076.6201
2015-07-19,2080.03,2128.9099,2080.03,2126.6399
2015-07-26,2126.8501,2132.8201,2077.0901,2079.6499
2015-08-02,2078.1899,2114.24,2063.52,2103.8401
2015-08-09,2104.49,2112.6599,2067.9099,2077.5701
2015-08-16,2080.98,2105.3501,2052.0901,2091.54
2015-08-23,2089.7,2103.47,1970.89,1970.89
2015-08-30,1965.15,1993.48,1867.01,1988.87
2015-09-06,1986.73,1986.73,1903.0699,1921.22
2015-09-13,1927.3,1988.63,1927.3,1961.05
2015-09-20,1963.0601,2020.86,1948.27,1958.03
2015-09-27,1960.84,1979.64,1908.92,1931.34
2015-10-04,1929.1801,1951.36,1871.91,1951.36
2015-10-11,1954.33,2020.13,1954.33,2014.89
2015-10-18,2015.65,2033.54,1990.73,2033.11
2015-10-25,2031.73,2079.74,2017.22,2075.1499
2015-11-01,2075.0801,2094.3201,2058.8401,2079.3601
2015-11-08,2080.76,2116.48,2080.76,2099.2
2015-11-15,2096.5601,2096.5601,2022.02,2023.04
2015-11-22,2022.08,2097.0601,2019.39,2089.1699
2015-11-29,2089.4099,2095.6101,2070.29,2090.1101
2015-12-06,2090.95,2104.27,2042.35,2091.6899
2015-12-13,2090.4199,2090.4199,2008.8,2012.37
2015-12-20,2013.37,2076.72,1993.26,2005.55
2015-12-27,2010.27,2067.3601,2005.9301,2060.99
2016-01-03,2057.77,2081.5601,2043.62,2043.9399
2016-01-10,2038.2,2038.2,1918.46,1922.03
2016-01-17,1926.12,1950.33,1857.83,1880.33
2016-01-24,1888.66,1908.85,1812.29,1906.9
2016-01-31,1906.28,1940.24,1872.7,1940.24
2016-02-07,1936.9399,1947.2,1872.23,1880.05
2016-02-14,1873.25,1881.6,1810.1,1864.78
2016-02-21,1871.4399,1930.6801,1871.4399,1917.78
2016-02-28,1924.4399,1962.96,1891.0,1948.05
2016-03-06,1947.13,2009.13,1931.8101,1999.99
2016-03-13,1996.11,2022.37,1969.25,2022.1899
2016-03-20,2019.27,2052.3601,2005.23,2049.5801
2016-03-27,2047.88,2056.6001,2022.49,2035.9399
2016-04-03,2037.89,2075.0701,2028.3101,2072.78
2016-04-10,2073.1899,2074.02,2033.8,2047.6
2016-04-17,2050.23,2087.8401,2039.74,2080.73
2016-04-24,2078.8301,2111.05,2073.6499,2091.5801
2016-05-01,2089.3701,2099.8899,2052.28,2065.3
2016-05-08,2067.1699,2083.4199,2039.45,2057.1399
2016-05-15,2057.55,2084.8701,2043.13,2046.61
2016-05-22,2046.53,2071.8799,2025.91,2052.3201
2016-05-29,2052.23,2099.0601,2047.26,2099.0601
2016-06-05,2100.1299,2105.26,2085.1001,2099.1299
2016-06-12,2100.8301,2120.55,2089.96,2096.0701
2016-06-19,2091.75,2098.1201,2050.3701,2071.22
2016-06-26,2075.5801,2113.3201,2032.5699,2037.41
2016-07-03,2031.45,2108.71,1991.6801,2102.95
2016-07-10,2095.05,2131.71,2074.02,2129.8999
2016-07-17,2131.72,2169.05,2131.72,2161.74
2016-07-24,2162.04,2175.6299,2159.01,2175.03
2016-07-31,2173.71,2177.0901,2159.0701,2173.6001
2016-08-07,2173.1499,2182.8701,2147.5801,2182.8701
2016-08-14,2183.76,2188.45,2172.0,2184.05
2016-08-21,2186.0801,2193.8101,2168.5,2183.8701
2016-08-28,2181.5801,2193.4199,2160.3899,2169.04
2016-09-04,2170.1899,2184.8701,2157.0901,2179.98
2016-09-11,2181.6101,2187.8701,2127.8101,2127.8101
2016-09-18,2120.8601,2163.3,2119.1201,2139.1599
2016-09-25,2143.99,2179.99,2135.9099,2164.6899
2016-10-02,2158.54,2175.3,2141.55,2168.27
2016-10-09,2164.3301,2165.8601,2144.01,2153.74
2016-10-16,2160.3899,2169.6001,2114.72,2132.98
2016-10-23,2132.95,2148.4399,2124.4299,2141.1599
2016-10-30,2148.5,2154.79,2119.3601,2126.4099
2016-11-06,2129.78,2133.25,2083.79,2085.1799
2016-11-13,2100.5901,2182.3,2100.5901,2164.45
2016-11-20,2165.6399,2189.8899,2156.0801,2181.8999
2016-11-27,2186.4299,2213.3501,2186.4299,2213.3501
2016-12-04,2210.21,2214.1001,2187.4399,2191.95
2016-12-11,2200.6499,2259.8,2199.97,2259.53
2016-12-18,2258.8301,2277.53,2248.4399,2258.0701
2016-12-25,2259.24,2272.5601,2256.0801,2263.79
2017-01-01,2266.23,2273.8201,2233.6201,2238.8301
2017-01-08,2251.5701,2282.1001,2245.1299,2276.98
2017-01-15,2273.5901,2279.27,2254.25,2274.6399
2017-01-22,2269.1399,2276.96,2258.4099,2271.3101
2017-01-29,2267.78,2300.99,2257.02,2294.6899
2017-02-05,2286.01,2298.3101,2267.21,2297.4199
2017-02-12,2294.28,2319.23,2285.3799,2316.1001
2017-02-19,2321.72,2351.3101,2321.4199,2351.1599
2017-02-26,2354.9099,2368.26,2352.8701,2367.3401
2017-03-05,2365.23,2400.98,2358.96,2383.1201
2017-03-12,2375.23,2378.8,2354.54,2372.6001
2017-03-19,2371.5601,2390.01,2358.1799,2378.25
2017-03-26,2378.24,2381.9299,2335.74,2343.98
2017-04-02,2329.1101,2370.4199,2322.25,2362.72
2017-04-09,2362.3401,2378.3601,2344.73,2355.54
2017-04-16,2357.1599,2366.3701,2328.95,2328.95
2017-04-23,2332.6201,2361.3701,2332.51,2348.6899
2017-04-30,2370.3301,2398.1599,2369.1899,2384.2
2017-05-07,2388.5,2399.29,2379.75,2399.29
2017-05-14,2399.9399,2403.8701,2381.74,2390.8999
2017-05-21,2393.98,2405.77,2352.72,2381.73
2017-05-28,2387.21,2418.71,2386.9199,2415.8201
2017-06-04,2411.6699,2440.23,2403.5901,2439.0701
2017-06-11,2437.8301,2446.2,2415.7,2431.77
2017-06-18,2425.8799,2443.75,2418.53,2433.1499
2017-06-25,2442.55,2453.8201,2430.74,2438.3
2017-07-02,2443.3201,2450.4199,2405.7,2423.4099
2017-07-09,2431.3899,2439.1699,2407.7,2425.1799
2017-07-16,2424.51,2463.54,2412.79,2459.27
2017-07-23,2459.5,2477.6201,2450.3401,2472.54
2017-07-30,2472.04,2484.04,2459.9299,2472.1001
2017-08-06,2475.9399,2480.3799,2466.48,2476.8301
2017-08-13,2477.1399,2490.8701,2437.75,2441.3201
2017-08-20,2454.96,2474.9299,2420.6899,2425.55
2017-08-27,2425.5,2454.77,2417.3501,2443.05
2017-09-03,2447.3501,2480.3799,2428.2,2476.55
2017-09-10,2470.3501,2471.97,2446.55,2461.4299
2017-09-17,2474.52,2500.23,2474.52,2500.23
2017-09-24,2502.51,2508.8501,2496.54,2502.22
2017-10-01,2499.3899,2519.4399,2488.03,2519.3601
2017-10-08,2521.2,2552.51,2520.3999,2549.3301
2017-10-15,2551.3899,2557.6499,2541.6001,2553.1699
2017-10-22,2555.5701,2575.4399,2547.9199,2575.21
2017-10-29,2578.0801,2582.98,2544.0,2581.0701
2017-11-05,2577.75,2588.4199,2566.1699,2587.8401
2017-11-12,2587.47,2597.02,2566.3301,2582.3
2017-11-19,2576.53,2590.0901,2557.45,2578.8501
2017-11-26,2579.49,2604.21,2578.24,2602.4199
2017-12-03,2602.6599,2657.74,2598.8701,2642.22
2017-12-10,2657.1899,2665.1899,2624.75,2651.5
2017-12-17,2652.1899,2679.6299,2651.47,2675.8101
2017-12-24,2685.9199,2694.97,2676.1101,2683.3401
2017-12-31,2679.0901,2692.1201,2673.6101,2673.6101
2018-01-07,2683.73,2743.45,2682.3601,2743.1499
2018-01-14,2742.6699,2787.8501,2736.0601,2786.24
2018-01-21,2798.96,2810.3301,2768.6399,2810.3
2018-01-28,2809.1599,2872.8701,2808.1201,2872.8701
2018-02-04,2867.23,2870.6201,2759.97,2762.1299
2018-02-11,2741.0601,2763.3899,2532.6899,2619.55
2018-02-18,2636.75,2754.4199,2622.45,2732.22
2018-02-25,2722.99,2747.76,2697.77,2747.3
2018-03-04,2757.3701,2789.1499,2647.3201,2691.25
2018-03-11,2681.0601,2786.5701,2675.75,2786.5701
2018-03-18,2790.54,2801.8999,2741.47,2752.01
2018-03-25,2741.3799,2741.3799,2585.8899,2588.26
2018-04-01,2619.3501,2674.78,2593.0601,2640.8701
2018-04-08,2633.45,2672.0801,2553.8,2604.47
2018-04-15,2617.1799,2680.26,2610.79,2656.3
2018-04-22,2670.1001,2717.49,2660.6101,2670.1399
2018-04-29,2675.3999,2683.55,2612.6699,2669.9099
2018-05-06,2682.51,2682.8701,2594.6201,2663.4199
2018-05-13,2680.3401,2732.8601,2655.2,2727.72
2018-05-20,2738.47,2742.1001,2701.9099,2712.97
2018-05-27,2735.3899,2742.24,2707.3799,2721.3301
2018-06-03,2705.1101,2736.9299,2676.8101,2734.6201
2018-06-10,2741.6699,2779.8999,2739.51,2779.03
2018-06-17,2780.1799,2791.47,2761.73,2779.6599
2018-06-24,2765.79,2774.99,2743.1899,2754.8799
2018-07-01,2742.9399,2746.0901,2691.99,2718.3701
2018-07-08,2704.95,2764.4099,2698.95,2759.8201
2018-07-15,2775.6201,2804.53,2770.73,2801.3101
2018-07-22,2797.3601,2816.76,2789.24,2801.8301
2018-07-29,2799.1699,2848.03,2795.1399,2818.8201
2018-08-05,2819.0,2840.3799,2796.3401,2840.3501
2018-08-12,2840.29,2863.4299,2825.8101,2833.28
2018-08-19,2835.46,2855.6299,2802.49,2850.1299
2018-08-26,2853.9299,2876.1599,2850.6201,2874.6899
2018-09-02,2884.6899,2916.5,2884.6899,2901.52
2018-09-09,2896.96,2900.1799,2864.1201,2871.6799
2018-09-16,2881.3899,2908.3,2866.78,2904.98
2018-09-23,2903.8301,2940.9099,2886.1599,2929.6699
2018-09-30,2921.8301,2931.1499,2903.28,2913.98
2018-10-07,2926.29,2939.8601,2869.29,2885.5701
2018-10-14,2877.53,2894.8301,2710.51,2767.1299
2018-10-21,2763.8301,2816.9399,2749.03,2767.78
2018-10-28,2773.9399,2778.9399,2628.1599,2658.6899
2018-11-04,2682.6499,2756.55,2603.54,2723.0601
2018-11-11,2726.3701,2815.1499,2717.9399,2781.01
2018-11-18,2773.9299,2775.99,2670.75,2736.27
2018-11-25,2730.74,2733.1599,2631.0901,2632.5601
2018-12-02,2649.97,2760.8799,2649.97,2760.1699
2018-12-09,2790.5,2800.1799,2621.53,2633.0801
2018-12-16,2630.8601,2685.4399,2583.23,2599.95
2018-12-23,2590.75,2601.1299,2408.55,2416.6201
2018-12-30,2400.5601,2520.27,2346.5801,2485.74
2019-01-06,2498.9399,2538.0701,2443.96,2531.9399
2019-01-13,2535.6101,2597.8201,2524.5601,2596.26
2019-01-20,2580.3101,2675.47,2570.4099,2670.71
2019-01-27,2657.8799,2672.3799,2612.8601,2664.76
2019-02-03,2644.97,2716.6599,2624.0601,2706.53
2019-02-10,2706.49,2738.98,2681.8301,2707.8799
2019-02-17,2712.3999,2775.6599,2703.79,2775.6001
2019-02-24,2769.28,2794.2,2764.55,2792.6699
2019-03-03,2804.3501,2813.49,2775.1299,2803.6899
2019-03-10,2814.3701,2816.8799,2722.27,2743.0701
2019-03-17,2747.6101,2830.73,2747.6101,2822.48
2019-03-24,2822.6101,2860.3101,2800.47,2800.71
2019-03-31,2796.01,2836.03,2785.02,2834.3999
2019-04-07,2848.6299,2893.24,2848.6299,2892.74
2019-04-14,2888.46,2910.54,2873.3301,2907.4099
2019-04-21,2908.3201,2918.0,2891.8999,2905.03
2019-04-28,2898.78,2939.8799,2896.3501,2939.8799
2019-05-05,2940.5801,2954.1299,2900.5,2945.6399
2019-05-12,2908.8899,2937.3201,2825.3899,2881.3999
2019-05-19,2840.1899,2892.1499,2801.4299,2859.53
2019-05-26,2841.9399,2868.8799,2805.49,2826.0601
2019-06-02,2830.03,2840.51,2750.52,2752.0601
2019-06-09,2751.53,2884.97,2728.8101,2873.3401
2019-06-16,2885.8301,2910.6101,2874.6799,2886.98
2019-06-23,2889.75,2964.1499,2887.3,2950.46
2019-06-30,2951.4199,2954.9199,2912.99,2941.76
2019-07-07,2971.4099,2995.8401,2952.22,2990.4099
2019-07-14,2979.77,3013.9199,2963.4399,3013.77
2019-07-21,3017.8,3017.8,2973.0901,2976.6101
2019-07-28,2981.9299,3027.98,2976.6499,3025.8601
2019-08-04,3024.47,3025.6101,2914.1101,2932.05
2019-08-11,2898.0701,2938.72,2822.1201,2918.6499
2019-08-18,2907.0701,2943.3101,2825.51,2888.6799
2019-08-25,2913.48,2939.0801,2834.97,2847.1101
2019-09-01,2866.7,2940.4299,2853.05,2926.46
2019-09-08,2909.01,2985.8601,2891.8501,2978.71
2019-09-15,2988.4299,3020.74,2957.01,3007.3899
2019-09-22,2996.4099,3021.99,2978.5701,2992.0701
2019-09-29,2983.5,3007.98,2945.53,2961.79
2019-10-06,2967.0701,2992.53,2855.9399,2952.01
2019-10-13,2944.23,2993.28,2892.6599,2970.27
2019-10-20,2965.8101,3008.29,2962.9399,2986.2
2019-10-27,2996.48,3027.3899,2991.21,3022.55
2019-11-03,3032.1201,3066.95,3023.1899,3066.9099
2019-11-10,3078.96,3097.77,3065.8899,3093.0801
2019-11-17,3080.3301,3120.46,3075.8201,3120.46
2019-11-24,3117.9099,3127.6399,3091.4099,3110.29
2019-12-01,3117.4399,3154.26,3117.4399,3140.98
2019-12-08,3143.8501,3150.6001,3070.3301,3145.9099
2019-12-15,3141.8601,3182.6799,3126.0901,3168.8
2019-12-22,3183.6299,3225.6499,3183.6299,3221.22
2019-12-29,3226.05,3247.9299,3220.51,3240.02
2020-01-05,3240.0901,3258.1399,3212.03,3234.8501
2020-01-12,3217.55,3282.99,3214.6399,3265.3501
2020-01-19,3271.1299,3329.8799,3268.4299,3329.6201
2020-01-26,3321.03,3337.77,3281.53,3295.47
2020-02-02,3247.1599,3293.47,3214.6799,3225.52
2020-02-09,3235.6599,3347.96,3235.6599,3327.71
2020-02-16,3318.28,3385.0901,3317.77,3380.1599
2020-02-23,3369.04,3393.52,3328.45,3337.75
2020-03-01,3257.6101,3259.8101,2855.8401,2954.22
2020-03-08,2974.28,3136.72,2901.54,2972.3701
2020-03-15,2863.8899,2882.5901,2478.8601,2711.02
2020-03-22,2508.5901,2562.98,2280.52,2304.9199
2020-03-29,2290.71,2637.01,2191.8601,2541.47
2020-04-05,2558.98,2641.3899,2447.49,2488.6499
2020-04-12,2578.28,2818.5701,2574.5701,2789.8201
2020-04-19,2782.46,2879.22,2721.1699,2874.5601
2020-04-26,2845.6201,2868.98,2727.1001,2836.74
2020-05-03,2854.6499,2954.8601,2821.6101,2830.71
2020-05-10,2815.01,2932.1599,2797.8501,2929.8
2020-05-17,2915.46,2945.8201,2766.6399,2863.7
2020-05-24,2913.8601,2980.29,2913.8601,2955.45
2020-05-31,3004.0801,3068.6699,2969.75,3044.3101
2020-06-07,3038.78,3211.72,3031.54,3193.9299
2020-06-14,3199.9199,3233.1299,2984.47,3041.3101
2020-06-21,2993.76,3155.53,2965.6599,3097.74
2020-06-28,3094.4199,3154.8999,3004.6299,3009.05
2020-07-05,3018.5901,3165.8101,2999.74,3130.01
2020-07-12,3155.29,3186.8201,3115.7,3185.04
2020-07-19,3205.0801,3238.28,3127.6599,3224.73
2020-07-26,3224.29,3279.99,3200.05,3215.6299
2020-08-02,3219.8401,3272.1699,3204.1299,3271.1201
2020-08-09,3288.26,3352.54,3284.53,3351.28
2020-08-16,3356.04,3387.8899,3326.4399,3372.8501
2020-08-23,3380.8601,3399.96,3354.6899,3397.1599
2020-08-30,3418.0901,3509.23,3413.1299,3508.01
2020-09-06,3509.73,3588.1101,3349.6299,3426.96
2020-09-13,3371.8799,3425.55,3310.47,3340.97
2020-09-20,3363.5601,3428.9199,3292.3999,3319.47
2020-09-27,3285.5701,3323.3501,3209.45,3298.46
2020-10-04,3333.8999,3397.1799,3323.6899,3348.4199
2020-10-11,3367.27,3482.3401,3354.54,3477.1399
2020-10-18,3500.02,3549.8501,3440.8899,3483.8101
2020-10-25,3493.6599,3502.4199,3415.3401,3465.3899
2020-11-01,3441.4199,3441.4199,3233.9399,3269.96
2020-11-08,3296.2,3529.05,3279.74,3509.4399
2020-11-15,3583.04,3645.99,3511.9099,3585.1499
2020-11-22,3600.1599,3628.51,3543.8401,3557.54
2020-11-29,3566.8201,3644.3101,3552.77,3638.3501
2020-12-06,3634.1799,3699.2,3594.3899,3699.1201
2020-12-13,3694.73,3712.3899,3633.3999,3663.46
2020-12-20,3675.27,3726.7,3645.8401,3709.4099
2020-12-27,3684.28,3711.24,3636.48,3703.0601
2021-01-03,3723.03,3760.2,3723.03,3756.0701
2021-01-10,3764.6101,3826.6899,3662.71,3824.6799
2021-01-17,3803.1399,3823.6001,3749.6201,3768.25
2021-01-24,3781.8799,3861.45,3780.3701,3841.47
2021-01-31,3851.6799,3870.8999,3694.1201,3714.24
2021-02-07,3731.1699,3894.5601,3725.6201,3886.8301
2021-02-14,3892.5901,3937.23,3884.9399,3934.8301
2021-02-21,3939.6101,3950.4299,3885.03,3906.71
2021-02-28,3885.55,3928.6499,3789.54,3811.1499
2021-03-07,3842.51,3914.5,3723.3401,3841.9399
2021-03-14,3844.3899,3960.27,3819.25,3943.3401
2021-03-21,3942.96,3983.8701,3886.75,3913.1001
2021-03-28,3916.48,3978.1899,3853.5,3974.54
2021-04-04,3969.3101,4020.6299,3943.25,4019.8701
2021-04-11,4034.4399,4129.48,4034.4399,4128.7998
2021-04-18,4124.71,4191.3101,4114.8198,4185.4702
2021-04-25,4179.7998,4194.1699,4118.3799,4180.1699
2021-05-02,4185.0298,4218.7798,4174.8501,4181.1699
2021-05-09,4191.98,4238.04,4128.5898,4232.6001
2021-05-16,4228.29,4236.3901,4056.8799,4173.8501
2021-05-23,4169.9199,4188.7202,4061.4099,4155.8599
2021-05-30,4170.1602,4218.3599,4170.1602,4204.1099
2021-06-06,4216.52,4234.1201,4167.9302,4229.8901
2021-06-13,4229.3398,4249.7402,4208.4102,4247.4399
2021-06-20,4248.3101,4257.1602,4164.3999,4166.4502
2021-06-27,4173.3999,4286.1201,4173.3999,4280.7002
2021-07-04,4284.8999,4355.4302,4274.6699,4352.3398
2021-07-11,4356.46,4371.6001,4289.3701,4369.5498
2021-07-18,4372.4102,4393.6802,4322.5298,4327.1602
2021-07-25,4296.3999,4415.1802,4233.1299,4411.79
2021-08-01,4409.5801,4429.9702,4372.5098,4395.2598
2021-08-08,4406.8599,4440.8198,4373.0,4436.52
2021-08-15,4437.77,4468.3701,4424.7402,4468.0
2021-08-22,4461.6499,4480.2598,4367.73,4441.6699
2021-08-29,4450.29,4513.3301,4450.29,4509.3701
2021-09-05,4513.7598,4545.8501,4513.7598,4535.4302
2021-09-12,4535.3799,4535.3799,4457.6602,4458.5801
2021-09-19,4474.8101,4492.9902,4427.7598,4432.9902
2021-09-26,4402.9502,4465.3999,4305.9102,4455.48
2021-10-03,4442.1201,4457.2998,4288.52,4357.04
2021-10-10,4348.8398,4429.9702,4278.9399,4391.3398
2021-10-17,4385.4399,4475.8198,4329.9199,4471.3701
2021-10-24,4463.7202,4559.6699,4447.4702,4544.8999
2021-10-31,4553.6899,4608.0801,4537.3599,4605.3799
2021-11-07,4610.6201,4718.5,4595.0601,4697.5298
2021-11-14,4701.48,4714.9199,4630.8599,4682.8501
2021-11-21,4689.2998,4717.75,4672.7798,4697.96
2021-11-28,4712.0,4743.8301,4585.4302,4594.6201
2021-12-05,4628.75,4672.9502,4495.1201,4538.4302
2021-12-12,4548.3701,4713.5698,4540.5098,4712.02
2021-12-19,4710.2998,4731.9902,4600.2202,4620.6401
2021-12-26,4587.8999,4740.7402,4531.1001,4725.79
2022-01-02,4733.9902,4808.9302,4733.9902,4766.1802
2022-01-09,4778.1401,4818.6201,4662.7402,4677.0298
2022-01-16,4655.3398,4748.8301,4582.2402,4662.8501
2022-01-23,4632.2402,4632.2402,4395.3398,4397.9399
2022-01-30,4356.3198,4453.23,4222.6201,4431.8501
2022-02-06,4431.79,4595.3101,4414.02,4500.5298
2022-02-13,4505.75,4590.0298,4401.4102,4418.6401
2022-02-20,4412.6099,4489.5498,4327.2202,4348.8701
2022-02-27,4332.7402,4385.3398,4114.6499,4384.6499
2022-03-06,4354.1699,4416.7798,4279.54,4328.8701
2022-03-13,4327.0098,4327.0098,4157.8701,4204.3101
2022-03-20,4202.75,4465.3999,4161.7202,4463.1201
2022-03-27,4462.3999,4546.0298,4424.2998,4543.0601
2022-04-03,4541.0898,4637.2998,4507.5698,4545.8599
2022-04-10,4547.9702,4593.4502,4450.04,4488.2798
2022-04-17,4462.6401,4471.0,4381.3398,4392.5898
2022-04-24,4385.6299,4512.9399,4267.6201,4271.7798
2022-05-01,4255.3398,4308.4502,4124.2798,4131.9302
2022-05-08,4130.6099,4307.6602,4062.51,4123.3398
2022-05-15,4081.27,4081.27,3858.8701,4023.8899
2022-05-22,4013.02,4090.72,3810.3201,3901.3601
2022-05-29,3919.4199,4158.4902,3875.1299,4158.2402
2022-06-05,4151.0898,4177.5098,4073.8501,4108.54
2022-06-12,4134.7202,4168.7798,3900.1599,3900.8601
2022-06-19,3838.1499,3838.1499,3636.8701,3674.8401
2022-06-26,3715.3101,3913.6499,3715.3101,3911.74
2022-07-03,3920.76,3945.8601,3738.6699,3825.3301
2022-07-10,3792.6101,3918.5,3742.0601,3899.3799
2022-07-17,3880.9399,3880.9399,3721.5601,3863.1599
2022-07-24,3883.79,4012.4399,3818.6299,3961.6299
2022-07-31,3965.72,4140.1499,3910.74,4130.29
2022-08-07,4112.3799,4167.6602,4079.8101,4145.1899
2022-08-14,4155.9302,4280.4702,4112.0898,4280.1499
2022-08-21,4269.3701,4325.2798,4218.7002,4228.48
2022-08-28,4195.0801,4203.04,4057.6599,4057.6599
2022-09-04,4034.5801,4062.99,3903.6499,3924.26
2022-09-11,3930.8899,4076.8101,3886.75,4067.3601
2022-09-18,4083.6699,4119.2798,3837.0801,3873.3301
2022-09-25,3849.9099,3907.0701,3647.47,3693.23
2022-10-02,3682.72,3736.74,3584.1299,3585.6201
2022-10-09,3609.78,3806.9099,3604.9299,3639.6599
2022-10-16,3647.51,3712.0,3491.5801,3583.0701
2022-10-23,3638.6499,3762.79,3638.6499,3752.75
2022-10-30,3762.01,3905.4199,3741.6499,3901.0601
2022-11-06,3881.8501,3911.79,3698.1499,3770.55
2022-11-13,3780.71,4001.48,3744.22,3992.9299
2022-11-20,3977.97,4028.8401,3906.54,3965.3401
2022-11-27,3956.23,4034.02,3933.3401,4026.1201
2022-12-04,4005.3601,4100.5098,3937.6499,4071.7
2022-12-11,4052.02,4052.45,3918.3899,3934.3799
2022-12-18,3939.29,4100.96,3827.9099,3852.3601
2022-12-25,3853.79,3889.8201,3764.49,3844.8201
2023-01-01,3843.3401,3858.1899,3780.78,3839.5
2023-01-08,3853.29,3906.1899,3794.3301,3895.0801
2023-01-15,3910.8201,4003.95,3877.29,3999.0901
2023-01-22,3999.28,4015.3899,3885.54,3972.6101
2023-01-29,3978.1399,4094.21,3949.0601,4070.5601
2023-02-05,4049.27,4195.4399,4015.55,4136.48
2023-02-12,4119.5698,4176.54,4060.79,4090.46
2023-02-19,4096.6201,4159.77,4047.95,4079.0901
2023-02-26,4052.3501,4052.3501,3943.0801,3970.04
2023-03-05,3992.3601,4048.29,3928.1599,4045.6399
2023-03-12,4055.1499,4078.49,3846.3201,3861.5901
2023-03-19,3835.1201,3964.46,3808.8601,3916.6399
2023-03-26,3917.47,4039.49,3909.1599,3970.99
2023-04-02,3982.9299,4110.75,3951.53,4109.3101
2023-04-09,4102.2002,4133.1299,4069.8401,4105.02
2023-04-16,4085.2,4163.1899,4072.55,4137.6401
2023-04-23,4137.1699,4169.48,4113.8599,4133.52
2023-04-30,4132.0698,4170.0601,4049.3501,4169.48
2023-05-07,4166.79,4186.9199,4089.72,4132.0698
2023-05-14,4126.65,4212.91,4109.86,4191.98
2023-05-21,4190.78,4212.87,4103.98,4205.45
2023-05-28,4176.7998,4212.8701,4103.98,4205.4502
2023-06-04,4226.71,4290.6699,4166.1499,4282.3701
2023-06-11,4282.9902,4322.6201,4261.0698,4298.8599
2023-06-18,4308.3198,4448.4702,4304.3701,4409.5898
2023-06-25,4396.1099,4400.1499,4341.3398,4348.3301
2023-07-02,4344.8398,4458.48,4328.0801,4450.3799
2023-07-09,4450.48,4456.46,4385.0498,4398.9502
2023-07-16,4394.23,4527.7598,4389.9199,4505.4199
2023-07-23,4508.8599,4578.4302,4504.8999,4536.3398
2023-07-30,4543.3901,4607.0698,4528.5601,4582.23
2023-08-06,4584.8198,4594.2202,4474.5498,4478.0298
2023-08-13,4491.5801,4527.3701,4443.98,4464.0498
2023-08-20,4458.1299,4490.3301,4335.3101,4369.71
2023-08-27,4380.2798,4458.2998,4356.29,4405.71
2023-09-03,4426.0298,4541.25,4414.98,4515.77
2023-09-10,4510.0601,4514.29,4430.46,4457.4902
2023-09-17,4480.98,4511.9902,4447.21,4450.3198
2023-09-24,4445.1299,4466.3599,4316.4902,4320.0601
2023-10-01,4310.6201,4338.5098,4238.6299,4288.0498
2023-10-08,4284.52,4324.1001,4216.4502,4308.5
2023-10-15,4289.02,4385.8501,4283.79,4327.7798
2023-10-22,4342.3701,4393.5698,4223.0298,4224.1602
2023-10-29,4210.3999,4259.3799,4103.7798,4117.3701
2023-11-05,4139.3901,4373.6201,4132.9399,4358.3398
2023-11-12,4364.27,4418.0298,4343.9399,4415.2402
2023-11-19,4406.6602,4521.1699,4393.8198,4514.02
2023-11-26,4511.7002,4568.4302,4510.3599,4559.3398
2023-12-03,4554.8599,4599.3901,4537.2402,4594.6299
2023-12-10,4564.3701,4609.23,4546.5,4604.3701
2023-12-17,4593.3901,4738.5698,4593.3901,4719.1899
2023-12-24,4725.5801,4778.0098,4697.8198,4754.6299
2023-12-31,4758.8599,4793.2998,4751.9902,4769.8301
2024-01-07,4745.2002,4754.3301,4682.1099,4697.2402
2024-01-14,4703.7002,4802.3999,4699.8198,4783.8301
2024-01-21,4772.3501,4842.0698,4714.8198,4839.8101
2024-01-28,4853.4199,4906.6899,4844.0498,4890.9702
2024-02-04,4892.9502,4975.29,4845.1499,4958.6099
2024-02-11,4957.1899,5030.0601,4918.0898,5026.6099
2024-02-18,5026.8301,5048.3901,4920.3101,5005.5698
2024-02-25,4989.32,5111.0601,4946.0,5088.7998
2024-03-03,5093.0,5097.6602,5068.9102,5069.5298
